11,北京市,1,北京,0
12,天津市,1,天津,0
13,河北省,1,河北,0
14,山西省,1,山西,0
15,内蒙古自治区,1,内蒙古,0
21,辽宁省,1,辽宁,0
22,吉林省,1,吉林,0
23,黑龙江省,1,黑龙江,0
31,上海市,1,上海,0
32,江苏省,1,江苏,0
33,浙江省,1,浙江,0
34,安徽省,1,安徽,0
35,福建省,1,福建,0
36,江西省,1,江西,0
37,山东省,1,山东,0
41,河南省,1,河南,0
42,湖北省,1,湖北,0
43,湖南省,1,湖南,0
44,广东省,1,广东,0
45,广西壮族自治区,1,广西,0
46,海南省,1,海南,0
50,重庆市,1,重庆,0
51,四川省,1,四川,0
52,贵州省,1,贵州,0
53,云南省,1,云南,0
54,西藏自治区,1,西藏,0
61,陕西省,1,陕西,0
62,甘肃省,1,甘肃,0
63,青海省,1,青海,0
64,宁夏回族自治区,1,宁夏,0
65,新疆维吾尔自治区,1,新疆,0
1101,市辖区,2,市辖区,11
110101,东城区,3,东城,1101
110102,西城区,3,西城,1101
110105,朝阳区,3,朝阳,1101
110106,丰台区,3,丰台,1101
110107,石景山区,3,石景山,1101
110108,海淀区,3,海淀,1101
110109,门头沟区,3,门头沟,1101
110111,房山区,3,房山,1101
110112,通州区,3,通州,1101
110113,顺义区,3,顺义,1101
110114,昌平区,3,昌平,1101
110115,大兴区,3,大兴,1101
110116,怀柔区,3,怀柔,1101
110117,平谷区,3,平谷,1101
110118,密云区,3,密云,1101
110119,延庆区,3,延庆,1101
1201,市辖区,2,市辖区,12
120101,和平区,3,和平,1201
120102,河东区,3,河东,1201
120103,河西区,3,河西,1201
120104,南开区,3,南开,1201
120105,河北区,3,河北,1201
120106,红桥区,3,红桥,1201
120110,东丽区,3,东丽,1201
120111,西青区,3,西青,1201
120112,津南区,3,津南,1201
120113,北辰区,3,北辰,1201
120114,武清区,3,武清,1201
120115,宝坻区,3,宝坻,1201
120116,滨海新区,3,滨海新,1201
120117,宁河区,3,宁河,1201
120118,静海区,3,静海,1201
120119,蓟州区,3,蓟州,1201
1301,石家庄市,2,石家庄,13
1302,唐山市,2,唐山,13
1303,秦皇岛市,2,秦皇岛,13
1304,邯郸市,2,邯郸,13
1305,邢台市,2,邢台,13
1306,保定市,2,保定,13
1307,张家口市,2,张家口,13
1308,承德市,2,承德,13
1309,沧州市,2,沧州,13
1310,廊坊市,2,廊坊,13
1311,衡水市,2,衡水,13
130101,市辖区,3,市辖区,1301
130102,长安区,3,长安,1301
130104,桥西区,3,桥西,1301
130105,新华区,3,新华,1301
130107,井陉矿区,3,井陉矿,1301
130108,裕华区,3,裕华,1301
130109,藁城区,3,藁城,1301
130110,鹿泉区,3,鹿泉,1301
130111,栾城区,3,栾城,1301
130121,井陉县,3,井陉,1301
130123,正定县,3,正定,1301
130125,行唐县,3,行唐,1301
130126,灵寿县,3,灵寿,1301
130127,高邑县,3,高邑,1301
130128,深泽县,3,深泽,1301
130129,赞皇县,3,赞皇,1301
130130,无极县,3,无极,1301
130131,平山县,3,平山,1301
130132,元氏县,3,元氏,1301
130133,赵县,3,赵县,1301
130171,石家庄高新技术产业开发区,3,石家庄高新技术产业开发区,1301
130172,石家庄循环化工园区,3,石家庄循环化工园区,1301
130181,辛集市,3,辛集,1301
130183,晋州市,3,晋州,1301
130184,新乐市,3,新乐,1301
130201,市辖区,3,市辖区,1302
130202,路南区,3,路南,1302
130203,路北区,3,路北,1302
130204,古冶区,3,古冶,1302
130205,开平区,3,开平,1302
130207,丰南区,3,丰南,1302
130208,丰润区,3,丰润,1302
130209,曹妃甸区,3,曹妃甸,1302
130224,滦南县,3,滦南,1302
130225,乐亭县,3,乐亭,1302
130227,迁西县,3,迁西,1302
130229,玉田县,3,玉田,1302
130271,河北唐山芦台经济开发区,3,河北唐山芦台经济开发区,1302
130272,唐山市汉沽管理区,3,唐山汉沽管理区,1302
130273,唐山高新技术产业开发区,3,唐山高新技术产业开发区,1302
130274,河北唐山海港经济开发区,3,河北唐山海港经济开发区,1302
130281,遵化市,3,遵化,1302
130283,迁安市,3,迁安,1302
130284,滦州市,3,滦州,1302
130301,市辖区,3,市辖区,1303
130302,海港区,3,海港,1303
130303,山海关区,3,山海关,1303
130304,北戴河区,3,北戴河,1303
130306,抚宁区,3,抚宁,1303
130321,青龙满族自治县,3,青龙,1303
130322,昌黎县,3,昌黎,1303
130324,卢龙县,3,卢龙,1303
130371,秦皇岛市经济技术开发区,3,秦皇岛经济技术开发区,1303
130372,北戴河新区,3,北戴河新区,1303
130401,市辖区,3,市辖区,1304
130402,邯山区,3,邯山,1304
130403,丛台区,3,丛台,1304
130404,复兴区,3,复兴,1304
130406,峰峰矿区,3,峰峰矿区,1304
130407,肥乡区,3,肥乡,1304
130408,永年区,3,永年,1304
130423,临漳县,3,临漳,1304
130424,成安县,3,成安,1304
130425,大名县,3,大名,1304
130426,涉县,3,涉县,1304
130427,磁县,3,磁县,1304
130430,邱县,3,邱县,1304
130431,鸡泽县,3,鸡泽,1304
130432,广平县,3,广平,1304
130433,馆陶县,3,馆陶,1304
130434,魏县,3,魏县,1304
130435,曲周县,3,曲周,1304
130471,邯郸经济技术开发区,3,邯郸经济技术开发区,1304
130473,邯郸冀南新区,3,邯郸冀南新,1304
130481,武安市,3,武安,1304
130501,市辖区,3,市辖区,1305
130502,桥东区,3,桥东,1305
130503,桥西区,3,桥西,1305
130521,邢台县,3,邢台,1305
130522,临城县,3,临城,1305
130523,内丘县,3,内丘,1305
130524,柏乡县,3,柏乡,1305
130525,隆尧县,3,隆尧,1305
130526,任县,3,任,1305
130527,南和县,3,南和,1305
130528,宁晋县,3,宁晋,1305
130529,巨鹿县,3,巨鹿,1305
130530,新河县,3,新河,1305
130531,广宗县,3,广宗,1305
130532,平乡县,3,平乡,1305
130533,威县,3,威,1305
130534,清河县,3,清河,1305
130535,临西县,3,临西,1305
130571,河北邢台经济开发区,3,河北邢台经济开发区,1305
130581,南宫市,3,南宫,1305
130582,沙河市,3,沙河,1305
130601,市辖区,3,市辖区,1306
130602,竞秀区,3,竞秀,1306
130606,莲池区,3,莲池,1306
130607,满城区,3,满城,1306
130608,清苑区,3,清苑,1306
130609,徐水区,3,徐水,1306
130623,涞水县,3,涞水,1306
130624,阜平县,3,阜平,1306
130626,定兴县,3,定兴,1306
130627,唐县,3,唐县,1306
130628,高阳县,3,高阳,1306
130629,容城县,3,容城,1306
130630,涞源县,3,涞源,1306
130631,望都县,3,望都,1306
130632,安新县,3,安新,1306
130633,易县,3,易县,1306
130634,曲阳县,3,曲阳,1306
130635,蠡县,3,蠡县,1306
130636,顺平县,3,顺平,1306
130637,博野县,3,博野,1306
130638,雄县,3,雄县,1306
130671,保定高新技术产业开发区,3,保定高新技术产业开发区,1306
130672,保定白沟新城,3,保定白沟新城,1306
130681,涿州市,3,涿州,1306
130682,定州市,3,定州,1306
130683,安国市,3,安国,1306
130684,高碑店市,3,高碑店,1306
130701,市辖区,3,市辖区,1307
130702,桥东区,3,桥东,1307
130703,桥西区,3,桥西,1307
130705,宣化区,3,宣化,1307
130706,下花园区,3,下花园,1307
130708,万全区,3,万全,1307
130709,崇礼区,3,崇礼,1307
130722,张北县,3,张北,1307
130723,康保县,3,康保,1307
130724,沽源县,3,沽源,1307
130725,尚义县,3,尚义,1307
130726,蔚县,3,蔚县,1307
130727,阳原县,3,阳原,1307
130728,怀安县,3,怀安,1307
130730,怀来县,3,怀来,1307
130731,涿鹿县,3,涿鹿,1307
130732,赤城县,3,赤城,1307
130771,张家口经济开发区,3,张家口经济开发区,1307
130772,张家口市察北管理区,3,张家口察北管理区,1307
130773,张家口市塞北管理区,3,张家口塞北管理区,1307
130801,市辖区,3,市辖区,1308
130802,双桥区,3,双桥,1308
130803,双滦区,3,双滦,1308
130804,鹰手营子矿区,3,鹰手营子矿区,1308
130821,承德县,3,承德,1308
130822,兴隆县,3,兴隆,1308
130824,滦平县,3,滦平,1308
130825,隆化县,3,隆化,1308
130826,丰宁满族自治县,3,丰宁满族自治,1308
130827,宽城满族自治县,3,宽城满族自治,1308
130828,围场满族蒙古族自治县,3,围场,1308
130871,承德高新技术产业开发区,3,承德高新技术产业开发区,1308
130881,平泉市,3,平泉,1308
130901,市辖区,3,市辖区,1309
130902,新华区,3,新华,1309
130903,运河区,3,运河,1309
130921,沧县,3,沧县,1309
130922,青县,3,青县,1309
130923,东光县,3,东光,1309
130924,海兴县,3,海兴,1309
130925,盐山县,3,盐山,1309
130926,肃宁县,3,肃宁,1309
130927,南皮县,3,南皮,1309
130928,吴桥县,3,吴桥,1309
130929,献县,3,献县,1309
130930,孟村回族自治县,3,孟村,1309
130971,河北沧州经济开发区,3,河北沧州经济开发区,1309
130972,沧州高新技术产业开发区,3,沧州高新技术产业开发区,1309
130973,沧州渤海新区,3,沧州渤海新区,1309
130981,泊头市,3,泊头,1309
130982,任丘市,3,任丘,1309
130983,黄骅市,3,黄骅,1309
130984,河间市,3,河间,1309
131001,市辖区,3,市辖区,1310
131002,安次区,3,安次,1310
131003,广阳区,3,广阳,1310
131022,固安县,3,固安,1310
131023,永清县,3,永清,1310
131024,香河县,3,香河,1310
131025,大城县,3,大城,1310
131026,文安县,3,文安,1310
131028,大厂回族自治县,3,大厂,1310
131071,廊坊经济技术开发区,3,廊坊经济技术开发区,1310
131081,霸州市,3,霸州,1310
131082,三河市,3,三河,1310
131101,市辖区,3,市辖区,1311
131102,桃城区,3,桃城,1311
131103,冀州区,3,冀州,1311
131121,枣强县,3,枣强,1311
131122,武邑县,3,武邑,1311
131123,武强县,3,武强,1311
131124,饶阳县,3,饶阳,1311
131125,安平县,3,安平,1311
131126,故城县,3,故城,1311
131127,景县,3,景县,1311
131128,阜城县,3,阜城,1311
131171,河北衡水高新技术产业开发区,3,河北衡水高新技术产业开发区,1311
131172,衡水滨湖新区,3,衡水滨湖新区,1311
131182,深州市,3,深州,1311
1401,太原市,2,太原,14
1402,大同市,2,大同,14
1403,阳泉市,2,阳泉,14
1404,长治市,2,长治,14
1405,晋城市,2,晋城,14
1406,朔州市,2,朔州,14
1407,晋中市,2,晋中,14
1408,运城市,2,运城,14
1409,忻州市,2,忻州,14
1410,临汾市,2,临汾,14
1411,吕梁市,2,吕梁,14
140101,市辖区,3,市辖区,1401
140105,小店区,3,小店,1401
140106,迎泽区,3,迎泽,1401
140107,杏花岭区,3,杏花岭,1401
140108,尖草坪区,3,尖草坪,1401
140109,万柏林区,3,万柏林,1401
140110,晋源区,3,晋源,1401
140121,清徐县,3,清徐,1401
140122,阳曲县,3,阳曲,1401
140123,娄烦县,3,娄烦,1401
140171,山西转型综合改革示范区,3,山西转型综合改革示范区,1401
140181,古交市,3,古交,1401
140201,市辖区,3,市辖区,1402
140212,新荣区,3,新荣,1402
140213,平城区,3,平城,1402
140214,云冈区,3,云冈,1402
140215,云州区,3,云州,1402
140221,阳高县,3,阳高,1402
140222,天镇县,3,天镇,1402
140223,广灵县,3,广灵,1402
140224,灵丘县,3,灵丘,1402
140225,浑源县,3,浑源,1402
140226,左云县,3,左云,1402
140271,山西大同经济开发区,3,山西大同经济开发区,1402
140301,市辖区,3,市辖区,1403
140302,城区,3,城区,1403
140303,矿区,3,矿区,1403
140311,郊区,3,郊区,1403
140321,平定县,3,平定,1403
140322,盂县,3,盂县,1403
140401,市辖区,3,市辖区,1404
140403,潞州区,3,潞州,1404
140404,上党区,3,上党,1404
140405,屯留区,3,屯留,1404
140406,潞城区,3,潞城,1404
140423,襄垣县,3,襄垣,1404
140425,平顺县,3,平顺,1404
140426,黎城县,3,黎城,1404
140427,壶关县,3,壶关,1404
140428,长子县,3,长子,1404
140429,武乡县,3,武乡,1404
140430,沁县,3,沁县,1404
140431,沁源县,3,沁源,1404
140471,山西长治高新技术产业园区,3,山西长治高新技术产业园区,1404
140501,市辖区,3,市辖区,1405
140502,城区,3,城区,1405
140521,沁水县,3,沁水,1405
140522,阳城县,3,阳城,1405
140524,陵川县,3,陵川,1405
140525,泽州县,3,泽州,1405
140581,高平市,3,高平,1405
140601,市辖区,3,市辖区,1406
140602,朔城区,3,朔城,1406
140603,平鲁区,3,平鲁,1406
140621,山阴县,3,山阴,1406
140622,应县,3,应县,1406
140623,右玉县,3,右玉,1406
140671,山西朔州经济开发区,3,山西朔州经济开发区,1406
140681,怀仁市,3,怀仁,1406
140701,市辖区,3,市辖区,1407
140702,榆次区,3,榆次,1407
140721,榆社县,3,榆社,1407
140722,左权县,3,左权,1407
140723,和顺县,3,和顺,1407
140724,昔阳县,3,昔阳,1407
140725,寿阳县,3,寿阳,1407
140726,太谷县,3,太谷,1407
140727,祁县,3,祁县,1407
140728,平遥县,3,平遥,1407
140729,灵石县,3,灵石,1407
140781,介休市,3,介休,1407
140801,市辖区,3,市辖区,1408
140802,盐湖区,3,盐湖,1408
140821,临猗县,3,临猗,1408
140822,万荣县,3,万荣,1408
140823,闻喜县,3,闻喜,1408
140824,稷山县,3,稷山,1408
140825,新绛县,3,新绛,1408
140826,绛县,3,绛县,1408
140827,垣曲县,3,垣曲,1408
140828,夏县,3,夏县,1408
140829,平陆县,3,平陆,1408
140830,芮城县,3,芮城,1408
140881,永济市,3,永济,1408
140882,河津市,3,河津,1408
140901,市辖区,3,市辖区,1409
140902,忻府区,3,忻府,1409
140921,定襄县,3,定襄,1409
140922,五台县,3,五台,1409
140923,代县,3,代县,1409
140924,繁峙县,3,繁峙,1409
140925,宁武县,3,宁武,1409
140926,静乐县,3,静乐,1409
140927,神池县,3,神池,1409
140928,五寨县,3,五寨,1409
140929,岢岚县,3,岢岚,1409
140930,河曲县,3,河曲,1409
140931,保德县,3,保德,1409
140932,偏关县,3,偏关,1409
140971,五台山风景名胜区,3,五台山,1409
140981,原平市,3,原平,1409
141001,市辖区,3,市辖区,1410
141002,尧都区,3,尧都,1410
141021,曲沃县,3,曲沃,1410
141022,翼城县,3,翼城,1410
141023,襄汾县,3,襄汾,1410
141024,洪洞县,3,洪洞,1410
141025,古县,3,古县,1410
141026,安泽县,3,安泽,1410
141027,浮山县,3,浮山,1410
141028,吉县,3,吉县,1410
141029,乡宁县,3,乡宁,1410
141030,大宁县,3,大宁,1410
141031,隰县,3,隰县,1410
141032,永和县,3,永和,1410
141033,蒲县,3,蒲县,1410
141034,汾西县,3,汾西,1410
141081,侯马市,3,侯马,1410
141082,霍州市,3,霍州,1410
141101,市辖区,3,市辖区,1411
141102,离石区,3,离石,1411
141121,文水县,3,文水,1411
141122,交城县,3,交城,1411
141123,兴县,3,兴县,1411
141124,临县,3,临县,1411
141125,柳林县,3,柳林,1411
141126,石楼县,3,石楼,1411
141127,岚县,3,岚县,1411
141128,方山县,3,方山,1411
141129,中阳县,3,中阳,1411
141130,交口县,3,交口,1411
141181,孝义市,3,孝义,1411
141182,汾阳市,3,汾阳,1411
1501,呼和浩特市,2,呼和浩特,15
1502,包头市,2,包头,15
1503,乌海市,2,乌海,15
1504,赤峰市,2,赤峰,15
1505,通辽市,2,通辽,15
1506,鄂尔多斯市,2,鄂尔多斯,15
1507,呼伦贝尔市,2,呼伦贝尔,15
1508,巴彦淖尔市,2,巴彦淖尔,15
1509,乌兰察布市,2,乌兰察布,15
1522,兴安盟,2,兴安盟,15
1525,锡林郭勒盟,2,锡林郭勒盟,15
1529,阿拉善盟,2,阿拉善盟,15
150101,市辖区,3,市辖区,1501
150102,新城区,3,新城,1501
150103,回民区,3,回民,1501
150104,玉泉区,3,玉泉,1501
150105,赛罕区,3,赛罕,1501
150121,土默特左旗,3,土默特左旗,1501
150122,托克托县,3,托克托,1501
150123,和林格尔县,3,和林格尔,1501
150124,清水河县,3,清水河,1501
150125,武川县,3,武川,1501
150171,呼和浩特金海工业园区,3,呼和浩特金海工业园区,1501
150172,呼和浩特经济技术开发区,3,呼和浩特经济技术开发区,1501
150201,市辖区,3,市辖区,1502
150202,东河区,3,东河,1502
150203,昆都仑区,3,昆都仑,1502
150204,青山区,3,青山,1502
150205,石拐区,3,石拐,1502
150206,白云鄂博矿区,3,白云鄂博矿区,1502
150207,九原区,3,九原,1502
150221,土默特右旗,3,土默特右旗,1502
150222,固阳县,3,固阳,1502
150223,达尔罕茂明安联合旗,3,达尔罕茂明安联合旗,1502
150271,包头稀土高新技术产业开发区,3,包头稀土高新技术产业开发区,1502
150301,市辖区,3,市辖区,1503
150302,海勃湾区,3,海勃湾,1503
150303,海南区,3,海南,1503
150304,乌达区,3,乌达,1503
150401,市辖区,3,市辖区,1504
150402,红山区,3,红山,1504
150403,元宝山区,3,元宝山,1504
150404,松山区,3,松山,1504
150421,阿鲁科尔沁旗,3,阿鲁科尔沁旗,1504
150422,巴林左旗,3,巴林左旗,1504
150423,巴林右旗,3,巴林右旗,1504
150424,林西县,3,林西,1504
150425,克什克腾旗,3,克什克腾旗,1504
150426,翁牛特旗,3,翁牛特旗,1504
150428,喀喇沁旗,3,喀喇沁旗,1504
150429,宁城县,3,宁城,1504
150430,敖汉旗,3,敖汉旗,1504
150501,市辖区,3,市辖区,1505
150502,科尔沁区,3,科尔沁,1505
150521,科尔沁左翼中旗,3,科尔沁左翼中旗,1505
150522,科尔沁左翼后旗,3,科尔沁左翼后旗,1505
150523,开鲁县,3,开鲁,1505
150524,库伦旗,3,库伦旗,1505
150525,奈曼旗,3,奈曼旗,1505
150526,扎鲁特旗,3,扎鲁特旗,1505
150571,通辽经济技术开发区,3,通辽经济技术开发区,1505
150581,霍林郭勒市,3,霍林郭勒,1505
150601,市辖区,3,市辖区,1506
150602,东胜区,3,东胜,1506
150603,康巴什区,3,康巴什,1506
150621,达拉特旗,3,达拉特旗,1506
150622,准格尔旗,3,准格尔旗,1506
150623,鄂托克前旗,3,鄂托克前旗,1506
150624,鄂托克旗,3,鄂托克旗,1506
150625,杭锦旗,3,杭锦旗,1506
150626,乌审旗,3,乌审旗,1506
150627,伊金霍洛旗,3,伊金霍洛旗,1506
150701,市辖区,3,市辖区,1507
150702,海拉尔区,3,海拉尔,1507
150703,扎赉诺尔区,3,扎赉诺尔,1507
150721,阿荣旗,3,阿荣旗,1507
150722,莫力达瓦达斡尔族自治旗,3,莫力达瓦达斡尔族自治旗,1507
150723,鄂伦春自治旗,3,鄂伦春自治旗,1507
150724,鄂温克族自治旗,3,鄂温克族自治旗,1507
150725,陈巴尔虎旗,3,陈巴尔虎旗,1507
150726,新巴尔虎左旗,3,新巴尔虎左旗,1507
150727,新巴尔虎右旗,3,新巴尔虎右旗,1507
150781,满洲里市,3,满洲里,1507
150782,牙克石市,3,牙克石,1507
150783,扎兰屯市,3,扎兰屯,1507
150784,额尔古纳市,3,额尔古纳,1507
150785,根河市,3,根河,1507
150801,市辖区,3,市辖区,1508
150802,临河区,3,临河,1508
150821,五原县,3,五原,1508
150822,磴口县,3,磴口,1508
150823,乌拉特前旗,3,乌拉特前旗,1508
150824,乌拉特中旗,3,乌拉特中旗,1508
150825,乌拉特后旗,3,乌拉特后旗,1508
150826,杭锦后旗,3,杭锦后旗,1508
150901,市辖区,3,市辖区,1509
150902,集宁区,3,集宁,1509
150921,卓资县,3,卓资,1509
150922,化德县,3,化德,1509
150923,商都县,3,商都,1509
150924,兴和县,3,兴和,1509
150925,凉城县,3,凉城,1509
150926,察哈尔右翼前旗,3,察哈尔右翼前旗,1509
150927,察哈尔右翼中旗,3,察哈尔右翼中旗,1509
150928,察哈尔右翼后旗,3,察哈尔右翼后旗,1509
150929,四子王旗,3,四子王旗,1509
150981,丰镇市,3,丰镇,1509
152201,乌兰浩特市,3,乌兰浩特,1522
152202,阿尔山市,3,阿尔山,1522
152221,科尔沁右翼前旗,3,科尔沁右翼前旗,1522
152222,科尔沁右翼中旗,3,科尔沁右翼中旗,1522
152223,扎赉特旗,3,扎赉特旗,1522
152224,突泉县,3,突泉,1522
152501,二连浩特市,3,二连浩特,1525
152502,锡林浩特市,3,锡林浩特,1525
152522,阿巴嘎旗,3,阿巴嘎旗,1525
152523,苏尼特左旗,3,苏尼特左旗,1525
152524,苏尼特右旗,3,苏尼特右旗,1525
152525,东乌珠穆沁旗,3,东乌珠穆沁旗,1525
152526,西乌珠穆沁旗,3,西乌珠穆沁旗,1525
152527,太仆寺旗,3,太仆寺旗,1525
152528,镶黄旗,3,镶黄旗,1525
152529,正镶白旗,3,正镶白旗,1525
152530,正蓝旗,3,正蓝旗,1525
152531,多伦县,3,多伦,1525
152571,乌拉盖管委会,3,乌拉盖管委会,1525
152921,阿拉善左旗,3,阿拉善左旗,1529
152922,阿拉善右旗,3,阿拉善右旗,1529
152923,额济纳旗,3,额济纳旗,1529
152971,内蒙古阿拉善经济开发区,3,内蒙古阿拉善经济开发区,1529
2101,沈阳市,2,沈阳,21
2102,大连市,2,大连,21
2103,鞍山市,2,鞍山,21
2104,抚顺市,2,抚顺,21
2105,本溪市,2,本溪,21
2106,丹东市,2,丹东,21
2107,锦州市,2,锦州,21
2108,营口市,2,营口,21
2109,阜新市,2,阜新,21
2110,辽阳市,2,辽阳,21
2111,盘锦市,2,盘锦,21
2112,铁岭市,2,铁岭,21
2113,朝阳市,2,朝阳,21
2114,葫芦岛市,2,葫芦岛,21
210101,市辖区,3,市辖区,2101
210102,和平区,3,和平,2101
210103,沈河区,3,沈河,2101
210104,大东区,3,大东,2101
210105,皇姑区,3,皇姑,2101
210106,铁西区,3,铁西,2101
210111,苏家屯区,3,苏家屯,2101
210112,浑南区,3,浑南,2101
210113,沈北新区,3,沈北新,2101
210114,于洪区,3,于洪,2101
210115,辽中区,3,辽中,2101
210123,康平县,3,康平,2101
210124,法库县,3,法库,2101
210181,新民市,3,新民,2101
210201,市辖区,3,市辖区,2102
210202,中山区,3,中山,2102
210203,西岗区,3,西岗,2102
210204,沙河口区,3,沙河口,2102
210211,甘井子区,3,甘井子,2102
210212,旅顺口区,3,旅顺口,2102
210213,金州区,3,金州,2102
210214,普兰店区,3,普兰店,2102
210224,长海县,3,长海,2102
210281,瓦房店市,3,瓦房店,2102
210283,庄河市,3,庄河,2102
210301,市辖区,3,市辖区,2103
210302,铁东区,3,铁东,2103
210303,铁西区,3,铁西,2103
210304,立山区,3,立山,2103
210311,千山区,3,千山,2103
210321,台安县,3,台安,2103
210323,岫岩满族自治县,3,岫岩满族自治,2103
210381,海城市,3,海城,2103
210401,市辖区,3,市辖区,2104
210402,新抚区,3,新抚,2104
210403,东洲区,3,东洲,2104
210404,望花区,3,望花,2104
210411,顺城区,3,顺城,2104
210421,抚顺县,3,抚顺,2104
210422,新宾满族自治县,3,新宾满族自治,2104
210423,清原满族自治县,3,清原满族自治,2104
210501,市辖区,3,市辖区,2105
210502,平山区,3,平山,2105
210503,溪湖区,3,溪湖,2105
210504,明山区,3,明山,2105
210505,南芬区,3,南芬,2105
210521,本溪满族自治县,3,本溪满族自治,2105
210522,桓仁满族自治县,3,桓仁满族自治,2105
210601,市辖区,3,市辖区,2106
210602,元宝区,3,元宝,2106
210603,振兴区,3,振兴,2106
210604,振安区,3,振安,2106
210624,宽甸满族自治县,3,宽甸满族自治,2106
210681,东港市,3,东港,2106
210682,凤城市,3,凤城,2106
210701,市辖区,3,市辖区,2107
210702,古塔区,3,古塔,2107
210703,凌河区,3,凌河,2107
210711,太和区,3,太和,2107
210726,黑山县,3,黑山,2107
210727,义县,3,义县,2107
210781,凌海市,3,凌海,2107
210782,北镇市,3,北镇,2107
210801,市辖区,3,市辖区,2108
210802,站前区,3,站前,2108
210803,西市区,3,西市,2108
210804,鲅鱼圈区,3,鲅鱼圈,2108
210811,老边区,3,老边,2108
210881,盖州市,3,盖州,2108
210882,大石桥市,3,大石桥,2108
210901,市辖区,3,市辖区,2109
210902,海州区,3,海州,2109
210903,新邱区,3,新邱,2109
210904,太平区,3,太平,2109
210905,清河门区,3,清河门,2109
210911,细河区,3,细河,2109
210921,阜新蒙古族自治县,3,阜新蒙古族自治,2109
210922,彰武县,3,彰武,2109
211001,市辖区,3,市辖区,2110
211002,白塔区,3,白塔,2110
211003,文圣区,3,文圣,2110
211004,宏伟区,3,宏伟,2110
211005,弓长岭区,3,弓长岭,2110
211011,太子河区,3,太子河,2110
211021,辽阳县,3,辽阳,2110
211081,灯塔市,3,灯塔,2110
211101,市辖区,3,市辖区,2111
211102,双台子区,3,双台子,2111
211103,兴隆台区,3,兴隆台,2111
211104,大洼区,3,大洼,2111
211122,盘山县,3,盘山,2111
211201,市辖区,3,市辖区,2112
211202,银州区,3,银州,2112
211204,清河区,3,清河,2112
211221,铁岭县,3,铁岭,2112
211223,西丰县,3,西丰,2112
211224,昌图县,3,昌图,2112
211281,调兵山市,3,调兵山,2112
211282,开原市,3,开原,2112
211301,市辖区,3,市辖区,2113
211302,双塔区,3,双塔,2113
211303,龙城区,3,龙城,2113
211321,朝阳县,3,朝阳,2113
211322,建平县,3,建平,2113
211324,喀喇沁左翼蒙古族自治县,3,喀喇沁左翼蒙古族自治,2113
211381,北票市,3,北票,2113
211382,凌源市,3,凌源,2113
211401,市辖区,3,市辖区,2114
211402,连山区,3,连山,2114
211403,龙港区,3,龙港,2114
211404,南票区,3,南票,2114
211421,绥中县,3,绥中,2114
211422,建昌县,3,建昌,2114
211481,兴城市,3,兴城,2114
2201,长春市,2,长春,22
2202,吉林市,2,吉林,22
2203,四平市,2,四平,22
2204,辽源市,2,辽源,22
2205,通化市,2,通化,22
2206,白山市,2,白山,22
2207,松原市,2,松原,22
2208,白城市,2,白城,22
2224,延边朝鲜族自治州,2,延边朝鲜族自治州,22
220101,市辖区,3,市辖区,2201
220102,南关区,3,南关,2201
220103,宽城区,3,宽城,2201
220104,朝阳区,3,朝阳,2201
220105,二道区,3,二道,2201
220106,绿园区,3,绿园,2201
220112,双阳区,3,双阳,2201
220113,九台区,3,九台,2201
220122,农安县,3,农安,2201
220171,长春经济技术开发区,3,长春经济技术开发区,2201
220172,长春净月高新技术产业开发区,3,长春净月高新技术产业开发区,2201
220173,长春高新技术产业开发区,3,长春高新技术产业开发区,2201
220174,长春汽车经济技术开发区,3,长春汽车经济技术开发区,2201
220182,榆树市,3,榆树,2201
220183,德惠市,3,德惠,2201
220201,市辖区,3,市辖区,2202
220202,昌邑区,3,昌邑,2202
220203,龙潭区,3,龙潭,2202
220204,船营区,3,船营,2202
220211,丰满区,3,丰满,2202
220221,永吉县,3,永吉,2202
220271,吉林经济开发区,3,吉林经济开发区,2202
220272,吉林高新技术产业开发区,3,吉林高新技术产业开发区,2202
220273,吉林中国新加坡食品区,3,吉林中国新加坡食品区,2202
220281,蛟河市,3,蛟河,2202
220282,桦甸市,3,桦甸,2202
220283,舒兰市,3,舒兰,2202
220284,磐石市,3,磐石,2202
220301,市辖区,3,市辖区,2203
220302,铁西区,3,铁西,2203
220303,铁东区,3,铁东,2203
220322,梨树县,3,梨树,2203
220323,伊通满族自治县,3,伊通满族自治,2203
220381,公主岭市,3,公主岭,2203
220382,双辽市,3,双辽,2203
220401,市辖区,3,市辖区,2204
220402,龙山区,3,龙山,2204
220403,西安区,3,西安,2204
220421,东丰县,3,东丰,2204
220422,东辽县,3,东辽,2204
220501,市辖区,3,市辖区,2205
220502,东昌区,3,东昌,2205
220503,二道江区,3,二道江,2205
220521,通化县,3,通化,2205
220523,辉南县,3,辉南,2205
220524,柳河县,3,柳河,2205
220581,梅河口市,3,梅河口,2205
220582,集安市,3,集安,2205
220601,市辖区,3,市辖区,2206
220602,浑江区,3,浑江,2206
220605,江源区,3,江源,2206
220621,抚松县,3,抚松,2206
220622,靖宇县,3,靖宇,2206
220623,长白朝鲜族自治县,3,长白,2206
220681,临江市,3,临江,2206
220701,市辖区,3,市辖区,2207
220702,宁江区,3,宁江,2207
220721,前郭尔罗斯蒙古族自治县,3,前郭尔罗斯,2207
220722,长岭县,3,长岭,2207
220723,乾安县,3,乾安,2207
220771,吉林松原经济开发区,3,吉林松原经济开发区,2207
220781,扶余市,3,扶余,2207
220801,市辖区,3,市辖区,2208
220802,洮北区,3,洮北,2208
220821,镇赉县,3,镇赉,2208
220822,通榆县,3,通榆,2208
220871,吉林白城经济开发区,3,吉林白城经济开发区,2208
220881,洮南市,3,洮南,2208
220882,大安市,3,大安,2208
222401,延吉市,3,延吉,2224
222402,图们市,3,图们,2224
222403,敦化市,3,敦化,2224
222404,珲春市,3,珲春,2224
222405,龙井市,3,龙井,2224
222406,和龙市,3,和龙,2224
222424,汪清县,3,汪清,2224
222426,安图县,3,安图,2224
2301,哈尔滨市,2,哈尔滨,23
2302,齐齐哈尔市,2,齐齐哈尔,23
2303,鸡西市,2,鸡西,23
2304,鹤岗市,2,鹤岗,23
2305,双鸭山市,2,双鸭山,23
2306,大庆市,2,大庆,23
2307,伊春市,2,伊春,23
2308,佳木斯市,2,佳木斯,23
2309,七台河市,2,七台河,23
2310,牡丹江市,2,牡丹江,23
2311,黑河市,2,黑河,23
2312,绥化市,2,绥化,23
2327,大兴安岭地区,2,大兴安岭地,23
230101,市辖区,3,市辖区,2301
230102,道里区,3,道里,2301
230103,南岗区,3,南岗,2301
230104,道外区,3,道外,2301
230108,平房区,3,平房,2301
230109,松北区,3,松北,2301
230110,香坊区,3,香坊,2301
230111,呼兰区,3,呼兰,2301
230112,阿城区,3,阿城,2301
230113,双城区,3,双城,2301
230123,依兰县,3,依兰,2301
230124,方正县,3,方正,2301
230125,宾县,3,宾县,2301
230126,巴彦县,3,巴彦,2301
230127,木兰县,3,木兰,2301
230128,通河县,3,通河,2301
230129,延寿县,3,延寿,2301
230183,尚志市,3,尚志,2301
230184,五常市,3,五常,2301
230201,市辖区,3,市辖区,2302
230202,龙沙区,3,龙沙,2302
230203,建华区,3,建华,2302
230204,铁锋区,3,铁锋,2302
230205,昂昂溪区,3,昂昂溪,2302
230206,富拉尔基区,3,富拉尔基,2302
230207,碾子山区,3,碾子山,2302
230208,梅里斯达斡尔族区,3,梅里斯达斡尔族,2302
230221,龙江县,3,龙江,2302
230223,依安县,3,依安,2302
230224,泰来县,3,泰来,2302
230225,甘南县,3,甘南,2302
230227,富裕县,3,富裕,2302
230229,克山县,3,克山,2302
230230,克东县,3,克东,2302
230231,拜泉县,3,拜泉,2302
230281,讷河市,3,讷河,2302
230301,市辖区,3,市辖区,2303
230302,鸡冠区,3,鸡冠,2303
230303,恒山区,3,恒山,2303
230304,滴道区,3,滴道,2303
230305,梨树区,3,梨树,2303
230306,城子河区,3,城子河,2303
230307,麻山区,3,麻山,2303
230321,鸡东县,3,鸡东,2303
230381,虎林市,3,虎林,2303
230382,密山市,3,密山,2303
230401,市辖区,3,市辖区,2304
230402,向阳区,3,向阳,2304
230403,工农区,3,工农,2304
230404,南山区,3,南山,2304
230405,兴安区,3,兴安,2304
230406,东山区,3,东山,2304
230407,兴山区,3,兴山,2304
230421,萝北县,3,萝北,2304
230422,绥滨县,3,绥滨,2304
230501,市辖区,3,市辖区,2305
230502,尖山区,3,尖山,2305
230503,岭东区,3,岭东,2305
230505,四方台区,3,四方台,2305
230506,宝山区,3,宝山,2305
230521,集贤县,3,集贤,2305
230522,友谊县,3,友谊,2305
230523,宝清县,3,宝清,2305
230524,饶河县,3,饶河,2305
230601,市辖区,3,市辖区,2306
230602,萨尔图区,3,萨尔图,2306
230603,龙凤区,3,龙凤,2306
230604,让胡路区,3,让胡路,2306
230605,红岗区,3,红岗,2306
230606,大同区,3,大同,2306
230621,肇州县,3,肇州,2306
230622,肇源县,3,肇源,2306
230623,林甸县,3,林甸,2306
230624,杜尔伯特蒙古族自治县,3,杜尔伯特蒙古族自治,2306
230671,大庆高新技术产业开发区,3,大庆高新技术产业开发区,2306
230701,市辖区,3,市辖区,2307
230717,伊美区,3,伊美,2307
230718,乌翠区,3,乌翠,2307
230719,友好区,3,友好,2307
230722,嘉荫县,3,嘉荫,2307
230723,汤旺县,3,汤旺,2307
230724,丰林县,3,丰林,2307
230725,大箐山县,3,大箐山,2307
230726,南岔县,3,南岔,2307
230751,金林区,3,金林,2307
230781,铁力市,3,铁力,2307
230801,市辖区,3,市辖区,2308
230803,向阳区,3,向阳,2308
230804,前进区,3,前进,2308
230805,东风区,3,东风,2308
230811,郊区,3,郊区,2308
230822,桦南县,3,桦南,2308
230826,桦川县,3,桦川,2308
230828,汤原县,3,汤原,2308
230881,同江市,3,同江,2308
230882,富锦市,3,富锦,2308
230883,抚远市,3,抚远,2308
230901,市辖区,3,市辖区,2309
230902,新兴区,3,新兴,2309
230903,桃山区,3,桃山,2309
230904,茄子河区,3,茄子河,2309
230921,勃利县,3,勃利,2309
231001,市辖区,3,市辖区,2310
231002,东安区,3,东安,2310
231003,阳明区,3,阳明,2310
231004,爱民区,3,爱民,2310
231005,西安区,3,西安,2310
231025,林口县,3,林口,2310
231071,牡丹江经济技术开发区,3,牡丹江经济技术开发区,2310
231081,绥芬河市,3,绥芬河,2310
231083,海林市,3,海林,2310
231084,宁安市,3,宁安,2310
231085,穆棱市,3,穆棱,2310
231086,东宁市,3,东宁,2310
231101,市辖区,3,市辖区,2311
231102,爱辉区,3,爱辉,2311
231123,逊克县,3,逊克,2311
231124,孙吴县,3,孙吴,2311
231181,北安市,3,北安,2311
231182,五大连池市,3,五大连池,2311
231183,嫩江市,3,嫩江,2311
231201,市辖区,3,市辖区,2312
231202,北林区,3,北林,2312
231221,望奎县,3,望奎,2312
231222,兰西县,3,兰西,2312
231223,青冈县,3,青冈,2312
231224,庆安县,3,庆安,2312
231225,明水县,3,明水,2312
231226,绥棱县,3,绥棱,2312
231281,安达市,3,安达,2312
231282,肇东市,3,肇东,2312
231283,海伦市,3,海伦,2312
232701,漠河市,3,漠河,2327
232721,呼玛县,3,呼玛,2327
232722,塔河县,3,塔河,2327
232761,加格达奇区,3,加格达奇,2327
232762,松岭区,3,松岭,2327
232763,新林区,3,新林,2327
232764,呼中区,3,呼中,2327
3101,市辖区,2,市辖区,31
310101,黄浦区,3,黄浦,3101
310104,徐汇区,3,徐汇,3101
310105,长宁区,3,长宁,3101
310106,静安区,3,静安,3101
310107,普陀区,3,普陀,3101
310109,虹口区,3,虹口,3101
310110,杨浦区,3,杨浦,3101
310112,闵行区,3,闵行,3101
310113,宝山区,3,宝山,3101
310114,嘉定区,3,嘉定,3101
310115,浦东新区,3,浦东新,3101
310116,金山区,3,金山,3101
310117,松江区,3,松江,3101
310118,青浦区,3,青浦,3101
310120,奉贤区,3,奉贤,3101
310151,崇明区,3,崇明,3101
3201,南京市,2,南京,32
3202,无锡市,2,无锡,32
3203,徐州市,2,徐州,32
3204,常州市,2,常州,32
3205,苏州市,2,苏州,32
3206,南通市,2,南通,32
3207,连云港市,2,连云港,32
3208,淮安市,2,淮安,32
3209,盐城市,2,盐城,32
3210,扬州市,2,扬州,32
3211,镇江市,2,镇江,32
3212,泰州市,2,泰州,32
3213,宿迁市,2,宿迁,32
320101,市辖区,3,市辖区,3201
320102,玄武区,3,玄武,3201
320104,秦淮区,3,秦淮,3201
320105,建邺区,3,建邺,3201
320106,鼓楼区,3,鼓楼,3201
320111,浦口区,3,浦口,3201
320113,栖霞区,3,栖霞,3201
320114,雨花台区,3,雨花台,3201
320115,江宁区,3,江宁,3201
320116,六合区,3,六合,3201
320117,溧水区,3,溧水,3201
320118,高淳区,3,高淳,3201
320201,市辖区,3,市辖区,3202
320205,锡山区,3,锡山,3202
320206,惠山区,3,惠山,3202
320211,滨湖区,3,滨湖,3202
320213,梁溪区,3,梁溪,3202
320214,新吴区,3,新吴,3202
320281,江阴市,3,江阴,3202
320282,宜兴市,3,宜兴,3202
320301,市辖区,3,市辖区,3203
320302,鼓楼区,3,鼓楼,3203
320303,云龙区,3,云龙,3203
320305,贾汪区,3,贾汪,3203
320311,泉山区,3,泉山,3203
320312,铜山区,3,铜山,3203
320321,丰县,3,丰县,3203
320322,沛县,3,沛县,3203
320324,睢宁县,3,睢宁,3203
320371,徐州经济技术开发区,3,徐州经济技术开发区,3203
320381,新沂市,3,新沂,3203
320382,邳州市,3,邳州,3203
320401,市辖区,3,市辖区,3204
320402,天宁区,3,天宁,3204
320404,钟楼区,3,钟楼,3204
320411,新北区,3,新北,3204
320412,武进区,3,武进,3204
320413,金坛区,3,金坛,3204
320481,溧阳市,3,溧阳,3204
320501,市辖区,3,市辖区,3205
320505,虎丘区,3,虎丘,3205
320506,吴中区,3,吴中,3205
320507,相城区,3,相城,3205
320508,姑苏区,3,姑苏,3205
320509,吴江区,3,吴江,3205
320571,苏州工业园区,3,苏州工业园,3205
320581,常熟市,3,常熟,3205
320582,张家港市,3,张家港,3205
320583,昆山市,3,昆山,3205
320585,太仓市,3,太仓,3205
320601,市辖区,3,市辖区,3206
320602,崇川区,3,崇川,3206
320611,港闸区,3,港闸,3206
320612,通州区,3,通州,3206
320623,如东县,3,如东,3206
320671,南通经济技术开发区,3,南通经济技术开发区,3206
320681,启东市,3,启东,3206
320682,如皋市,3,如皋,3206
320684,海门市,3,海门,3206
320685,海安市,3,海安,3206
320701,市辖区,3,市辖区,3207
320703,连云区,3,连云,3207
320706,海州区,3,海州,3207
320707,赣榆区,3,赣榆,3207
320722,东海县,3,东海,3207
320723,灌云县,3,灌云,3207
320724,灌南县,3,灌南,3207
320771,连云港经济技术开发区,3,连云港经济技术开发区,3207
320772,连云港高新技术产业开发区,3,连云港高新技术产业开发区,3207
320801,市辖区,3,市辖区,3208
320803,淮安区,3,淮安,3208
320804,淮阴区,3,淮阴,3208
320812,清江浦区,3,清江浦,3208
320813,洪泽区,3,洪泽,3208
320826,涟水县,3,涟水,3208
320830,盱眙县,3,盱眙,3208
320831,金湖县,3,金湖,3208
320871,淮安经济技术开发区,3,淮安经济技术开发区,3208
320901,市辖区,3,市辖区,3209
320902,亭湖区,3,亭湖,3209
320903,盐都区,3,盐都,3209
320904,大丰区,3,大丰,3209
320921,响水县,3,响水,3209
320922,滨海县,3,滨海,3209
320923,阜宁县,3,阜宁,3209
320924,射阳县,3,射阳,3209
320925,建湖县,3,建湖,3209
320971,盐城经济技术开发区,3,盐城经济技术开发区,3209
320981,东台市,3,东台,3209
321001,市辖区,3,市辖区,3210
321002,广陵区,3,广陵,3210
321003,邗江区,3,邗江,3210
321012,江都区,3,江都,3210
321023,宝应县,3,宝应,3210
321071,扬州经济技术开发区,3,扬州经济技术开发区,3210
321081,仪征市,3,仪征,3210
321084,高邮市,3,高邮,3210
321101,市辖区,3,市辖区,3211
321102,京口区,3,京口,3211
321111,润州区,3,润州,3211
321112,丹徒区,3,丹徒,3211
321171,镇江新区,3,镇江新,3211
321181,丹阳市,3,丹阳,3211
321182,扬中市,3,扬中,3211
321183,句容市,3,句容,3211
321201,市辖区,3,市辖区,3212
321202,海陵区,3,海陵,3212
321203,高港区,3,高港,3212
321204,姜堰区,3,姜堰,3212
321271,泰州医药高新技术产业开发区,3,泰州医药高新技术产业开发区,3212
321281,兴化市,3,兴化,3212
321282,靖江市,3,靖江,3212
321283,泰兴市,3,泰兴,3212
321301,市辖区,3,市辖区,3213
321302,宿城区,3,宿城,3213
321311,宿豫区,3,宿豫,3213
321322,沭阳县,3,沭阳,3213
321323,泗阳县,3,泗阳,3213
321324,泗洪县,3,泗洪,3213
321371,宿迁经济技术开发区,3,宿迁经济技术开发区,3213
3301,杭州市,2,杭州,33
3302,宁波市,2,宁波,33
3303,温州市,2,温州,33
3304,嘉兴市,2,嘉兴,33
3305,湖州市,2,湖州,33
3306,绍兴市,2,绍兴,33
3307,金华市,2,金华,33
3308,衢州市,2,衢州,33
3309,舟山市,2,舟山,33
3310,台州市,2,台州,33
3311,丽水市,2,丽水,33
330101,市辖区,3,市辖区,3301
330102,上城区,3,上城,3301
330103,下城区,3,下城,3301
330104,江干区,3,江干,3301
330105,拱墅区,3,拱墅,3301
330106,西湖区,3,西湖,3301
330108,滨江区,3,滨江,3301
330109,萧山区,3,萧山,3301
330110,余杭区,3,余杭,3301
330111,富阳区,3,富阳,3301
330112,临安区,3,临安,3301
330122,桐庐县,3,桐庐,3301
330127,淳安县,3,淳安,3301
330182,建德市,3,建德,3301
330201,市辖区,3,市辖区,3302
330203,海曙区,3,海曙,3302
330205,江北区,3,江北,3302
330206,北仑区,3,北仑,3302
330211,镇海区,3,镇海,3302
330212,鄞州区,3,鄞州,3302
330213,奉化区,3,奉化,3302
330225,象山县,3,象山,3302
330226,宁海县,3,宁海,3302
330281,余姚市,3,余姚,3302
330282,慈溪市,3,慈溪,3302
330301,市辖区,3,市辖区,3303
330302,鹿城区,3,鹿城,3303
330303,龙湾区,3,龙湾,3303
330304,瓯海区,3,瓯海,3303
330305,洞头区,3,洞头,3303
330324,永嘉县,3,永嘉,3303
330326,平阳县,3,平阳,3303
330327,苍南县,3,苍南,3303
330328,文成县,3,文成,3303
330329,泰顺县,3,泰顺,3303
330371,温州经济技术开发区,3,温州经济技术开发区,3303
330381,瑞安市,3,瑞安,3303
330382,乐清市,3,乐清,3303
330383,龙港市,3,龙港,3303
330401,市辖区,3,市辖区,3304
330402,南湖区,3,南湖,3304
330411,秀洲区,3,秀洲,3304
330421,嘉善县,3,嘉善,3304
330424,海盐县,3,海盐,3304
330481,海宁市,3,海宁,3304
330482,平湖市,3,平湖,3304
330483,桐乡市,3,桐乡,3304
330501,市辖区,3,市辖区,3305
330502,吴兴区,3,吴兴,3305
330503,南浔区,3,南浔,3305
330521,德清县,3,德清,3305
330522,长兴县,3,长兴,3305
330523,安吉县,3,安吉,3305
330601,市辖区,3,市辖区,3306
330602,越城区,3,越城,3306
330603,柯桥区,3,柯桥,3306
330604,上虞区,3,上虞,3306
330624,新昌县,3,新昌,3306
330681,诸暨市,3,诸暨,3306
330683,嵊州市,3,嵊州,3306
330701,市辖区,3,市辖区,3307
330702,婺城区,3,婺城,3307
330703,金东区,3,金东,3307
330723,武义县,3,武义,3307
330726,浦江县,3,浦江,3307
330727,磐安县,3,磐安,3307
330781,兰溪市,3,兰溪,3307
330782,义乌市,3,义乌,3307
330783,东阳市,3,东阳,3307
330784,永康市,3,永康,3307
330801,市辖区,3,市辖区,3308
330802,柯城区,3,柯城,3308
330803,衢江区,3,衢江,3308
330822,常山县,3,常山,3308
330824,开化县,3,开化,3308
330825,龙游县,3,龙游,3308
330881,江山市,3,江山,3308
330901,市辖区,3,市辖区,3309
330902,定海区,3,定海,3309
330903,普陀区,3,普陀,3309
330921,岱山县,3,岱山,3309
330922,嵊泗县,3,嵊泗,3309
331001,市辖区,3,市辖区,3310
331002,椒江区,3,椒江,3310
331003,黄岩区,3,黄岩,3310
331004,路桥区,3,路桥,3310
331022,三门县,3,三门,3310
331023,天台县,3,天台,3310
331024,仙居县,3,仙居,3310
331081,温岭市,3,温岭,3310
331082,临海市,3,临海,3310
331083,玉环市,3,玉环,3310
331101,市辖区,3,市辖区,3311
331102,莲都区,3,莲都,3311
331121,青田县,3,青田,3311
331122,缙云县,3,缙云,3311
331123,遂昌县,3,遂昌,3311
331124,松阳县,3,松阳,3311
331125,云和县,3,云和,3311
331126,庆元县,3,庆元,3311
331127,景宁畲族自治县,3,景宁畲族自治,3311
331181,龙泉市,3,龙泉,3311
3401,合肥市,2,合肥,34
3402,芜湖市,2,芜湖,34
3403,蚌埠市,2,蚌埠,34
3404,淮南市,2,淮南,34
3405,马鞍山市,2,马鞍山,34
3406,淮北市,2,淮北,34
3407,铜陵市,2,铜陵,34
3408,安庆市,2,安庆,34
3410,黄山市,2,黄山,34
3411,滁州市,2,滁州,34
3412,阜阳市,2,阜阳,34
3413,宿州市,2,宿州,34
3415,六安市,2,六安,34
3416,亳州市,2,亳州,34
3417,池州市,2,池州,34
3418,宣城市,2,宣城,34
340101,市辖区,3,市辖区,3401
340102,瑶海区,3,瑶海,3401
340103,庐阳区,3,庐阳,3401
340104,蜀山区,3,蜀山,3401
340111,包河区,3,包河,3401
340121,长丰县,3,长丰,3401
340122,肥东县,3,肥东,3401
340123,肥西县,3,肥西,3401
340124,庐江县,3,庐江,3401
340171,合肥高新技术产业开发区,3,合肥高新技术产业开发区,3401
340172,合肥经济技术开发区,3,合肥经济技术开发区,3401
340173,合肥新站高新技术产业开发区,3,合肥新站高新技术产业开发区,3401
340181,巢湖市,3,巢湖,3401
340201,市辖区,3,市辖区,3402
340202,镜湖区,3,镜湖,3402
340203,弋江区,3,弋江,3402
340207,鸠江区,3,鸠江,3402
340208,三山区,3,三山,3402
340221,芜湖县,3,芜湖,3402
340222,繁昌县,3,繁昌,3402
340223,南陵县,3,南陵,3402
340225,无为县,3,无为,3402
340271,芜湖经济技术开发区,3,芜湖经济技术开发区,3402
340272,安徽芜湖长江大桥经济开发区,3,安徽芜湖长江大桥经济开发区,3402
340301,市辖区,3,市辖区,3403
340302,龙子湖区,3,龙子湖,3403
340303,蚌山区,3,蚌山,3403
340304,禹会区,3,禹会,3403
340311,淮上区,3,淮上,3403
340321,怀远县,3,怀远,3403
340322,五河县,3,五河,3403
340323,固镇县,3,固镇,3403
340371,蚌埠市高新技术开发区,3,蚌埠高新技术开发区,3403
340372,蚌埠市经济开发区,3,蚌埠经济开发区,3403
340401,市辖区,3,市辖区,3404
340402,大通区,3,大通,3404
340403,田家庵区,3,田家庵,3404
340404,谢家集区,3,谢家集,3404
340405,八公山区,3,八公山,3404
340406,潘集区,3,潘集,3404
340421,凤台县,3,凤台,3404
340422,寿县,3,寿县,3404
340501,市辖区,3,市辖区,3405
340503,花山区,3,花山,3405
340504,雨山区,3,雨山,3405
340506,博望区,3,博望,3405
340521,当涂县,3,当涂,3405
340522,含山县,3,含山,3405
340523,和县,3,和县,3405
340601,市辖区,3,市辖区,3406
340602,杜集区,3,杜集,3406
340603,相山区,3,相山,3406
340604,烈山区,3,烈山,3406
340621,濉溪县,3,濉溪,3406
340701,市辖区,3,市辖区,3407
340705,铜官区,3,铜官,3407
340706,义安区,3,义安,3407
340711,郊区,3,郊区,3407
340722,枞阳县,3,枞阳,3407
340801,市辖区,3,市辖区,3408
340802,迎江区,3,迎江,3408
340803,大观区,3,大观,3408
340811,宜秀区,3,宜秀,3408
340822,怀宁县,3,怀宁,3408
340825,太湖县,3,太湖,3408
340826,宿松县,3,宿松,3408
340827,望江县,3,望江,3408
340828,岳西县,3,岳西,3408
340871,安徽安庆经济开发区,3,安徽安庆经济开发区,3408
340881,桐城市,3,桐城,3408
340882,潜山市,3,潜山,3408
341001,市辖区,3,市辖区,3410
341002,屯溪区,3,屯溪,3410
341003,黄山区,3,黄山,3410
341004,徽州区,3,徽州,3410
341021,歙县,3,歙县,3410
341022,休宁县,3,休宁,3410
341023,黟县,3,黟县,3410
341024,祁门县,3,祁门,3410
341101,市辖区,3,市辖区,3411
341102,琅琊区,3,琅琊,3411
341103,南谯区,3,南谯,3411
341122,来安县,3,来安,3411
341124,全椒县,3,全椒,3411
341125,定远县,3,定远,3411
341126,凤阳县,3,凤阳,3411
341171,苏滁现代产业园,3,苏滁现代产业园,3411
341172,滁州经济技术开发区,3,滁州经济技术开发区,3411
341181,天长市,3,天长,3411
341182,明光市,3,明光,3411
341201,市辖区,3,市辖区,3412
341202,颍州区,3,颍州,3412
341203,颍东区,3,颍东,3412
341204,颍泉区,3,颍泉,3412
341221,临泉县,3,临泉,3412
341222,太和县,3,太和,3412
341225,阜南县,3,阜南,3412
341226,颍上县,3,颍上,3412
341271,阜阳合肥现代产业园区,3,阜阳合肥现代产业园,3412
341272,阜阳经济技术开发区,3,阜阳经济技术开发区,3412
341282,界首市,3,界首,3412
341301,市辖区,3,市辖区,3413
341302,埇桥区,3,埇桥,3413
341321,砀山县,3,砀山,3413
341322,萧县,3,萧县,3413
341323,灵璧县,3,灵璧,3413
341324,泗县,3,泗县,3413
341371,宿州马鞍山现代产业园区,3,宿州马鞍山现代产业园,3413
341372,宿州经济技术开发区,3,宿州经济技术开发区,3413
341501,市辖区,3,市辖区,3415
341502,金安区,3,金安,3415
341503,裕安区,3,裕安,3415
341504,叶集区,3,叶集,3415
341522,霍邱县,3,霍邱,3415
341523,舒城县,3,舒城,3415
341524,金寨县,3,金寨,3415
341525,霍山县,3,霍山,3415
341601,市辖区,3,市辖区,3416
341602,谯城区,3,谯城,3416
341621,涡阳县,3,涡阳,3416
341622,蒙城县,3,蒙城,3416
341623,利辛县,3,利辛,3416
341701,市辖区,3,市辖区,3417
341702,贵池区,3,贵池,3417
341721,东至县,3,东至,3417
341722,石台县,3,石台,3417
341723,青阳县,3,青阳,3417
341801,市辖区,3,市辖区,3418
341802,宣州区,3,宣州,3418
341821,郎溪县,3,郎溪,3418
341823,泾县,3,泾县,3418
341824,绩溪县,3,绩溪,3418
341825,旌德县,3,旌德,3418
341871,宣城市经济开发区,3,宣城经济开发区,3418
341881,宁国市,3,宁国,3418
341882,广德市,3,广德,3418
3501,福州市,2,福州,35
3502,厦门市,2,厦门,35
3503,莆田市,2,莆田,35
3504,三明市,2,三明,35
3505,泉州市,2,泉州,35
3506,漳州市,2,漳州,35
3507,南平市,2,南平,35
3508,龙岩市,2,龙岩,35
3509,宁德市,2,宁德,35
350101,市辖区,3,市辖区,3501
350102,鼓楼区,3,鼓楼,3501
350103,台江区,3,台江,3501
350104,仓山区,3,仓山,3501
350105,马尾区,3,马尾,3501
350111,晋安区,3,晋安,3501
350112,长乐区,3,长乐,3501
350121,闽侯县,3,闽侯,3501
350122,连江县,3,连江,3501
350123,罗源县,3,罗源,3501
350124,闽清县,3,闽清,3501
350125,永泰县,3,永泰,3501
350128,平潭县,3,平潭,3501
350181,福清市,3,福清,3501
350201,市辖区,3,市辖区,3502
350203,思明区,3,思明,3502
350205,海沧区,3,海沧,3502
350206,湖里区,3,湖里,3502
350211,集美区,3,集美,3502
350212,同安区,3,同安,3502
350213,翔安区,3,翔安,3502
350301,市辖区,3,市辖区,3503
350302,城厢区,3,城厢,3503
350303,涵江区,3,涵江,3503
350304,荔城区,3,荔城,3503
350305,秀屿区,3,秀屿,3503
350322,仙游县,3,仙游,3503
350401,市辖区,3,市辖区,3504
350402,梅列区,3,梅列,3504
350403,三元区,3,三元,3504
350421,明溪县,3,明溪,3504
350423,清流县,3,清流,3504
350424,宁化县,3,宁化,3504
350425,大田县,3,大田,3504
350426,尤溪县,3,尤溪,3504
350427,沙县,3,沙县,3504
350428,将乐县,3,将乐,3504
350429,泰宁县,3,泰宁,3504
350430,建宁县,3,建宁,3504
350481,永安市,3,永安,3504
350501,市辖区,3,市辖区,3505
350502,鲤城区,3,鲤城,3505
350503,丰泽区,3,丰泽,3505
350504,洛江区,3,洛江,3505
350505,泉港区,3,泉港,3505
350521,惠安县,3,惠安,3505
350524,安溪县,3,安溪,3505
350525,永春县,3,永春,3505
350526,德化县,3,德化,3505
350527,金门县,3,金门,3505
350581,石狮市,3,石狮,3505
350582,晋江市,3,晋江,3505
350583,南安市,3,南安,3505
350601,市辖区,3,市辖区,3506
350602,芗城区,3,芗城,3506
350603,龙文区,3,龙文,3506
350622,云霄县,3,云霄,3506
350623,漳浦县,3,漳浦,3506
350624,诏安县,3,诏安,3506
350625,长泰县,3,长泰,3506
350626,东山县,3,东山,3506
350627,南靖县,3,南靖,3506
350628,平和县,3,平和,3506
350629,华安县,3,华安,3506
350681,龙海市,3,龙海,3506
350701,市辖区,3,市辖区,3507
350702,延平区,3,延平,3507
350703,建阳区,3,建阳,3507
350721,顺昌县,3,顺昌,3507
350722,浦城县,3,浦城,3507
350723,光泽县,3,光泽,3507
350724,松溪县,3,松溪,3507
350725,政和县,3,政和,3507
350781,邵武市,3,邵武,3507
350782,武夷山市,3,武夷山,3507
350783,建瓯市,3,建瓯,3507
350801,市辖区,3,市辖区,3508
350802,新罗区,3,新罗,3508
350803,永定区,3,永定,3508
350821,长汀县,3,长汀,3508
350823,上杭县,3,上杭,3508
350824,武平县,3,武平,3508
350825,连城县,3,连城,3508
350881,漳平市,3,漳平,3508
350901,市辖区,3,市辖区,3509
350902,蕉城区,3,蕉城,3509
350921,霞浦县,3,霞浦,3509
350922,古田县,3,古田,3509
350923,屏南县,3,屏南,3509
350924,寿宁县,3,寿宁,3509
350925,周宁县,3,周宁,3509
350926,柘荣县,3,柘荣,3509
350981,福安市,3,福安,3509
350982,福鼎市,3,福鼎,3509
3601,南昌市,2,南昌,36
3602,景德镇市,2,景德镇,36
3603,萍乡市,2,萍乡,36
3604,九江市,2,九江,36
3605,新余市,2,新余,36
3606,鹰潭市,2,鹰潭,36
3607,赣州市,2,赣州,36
3608,吉安市,2,吉安,36
3609,宜春市,2,宜春,36
3610,抚州市,2,抚州,36
3611,上饶市,2,上饶,36
360101,市辖区,3,市辖区,3601
360102,东湖区,3,东湖,3601
360103,西湖区,3,西湖,3601
360104,青云谱区,3,青云谱,3601
360105,湾里区,3,湾里,3601
360111,青山湖区,3,青山湖,3601
360112,新建区,3,新建,3601
360121,南昌县,3,南昌,3601
360123,安义县,3,安义,3601
360124,进贤县,3,进贤,3601
360201,市辖区,3,市辖区,3602
360202,昌江区,3,昌江,3602
360203,珠山区,3,珠山,3602
360222,浮梁县,3,浮梁,3602
360281,乐平市,3,乐平,3602
360301,市辖区,3,市辖区,3603
360302,安源区,3,安源,3603
360313,湘东区,3,湘东,3603
360321,莲花县,3,莲花,3603
360322,上栗县,3,上栗,3603
360323,芦溪县,3,芦溪,3603
360401,市辖区,3,市辖区,3604
360402,濂溪区,3,濂溪,3604
360403,浔阳区,3,浔阳,3604
360404,柴桑区,3,柴桑,3604
360423,武宁县,3,武宁,3604
360424,修水县,3,修水,3604
360425,永修县,3,永修,3604
360426,德安县,3,德安,3604
360428,都昌县,3,都昌,3604
360429,湖口县,3,湖口,3604
360430,彭泽县,3,彭泽,3604
360481,瑞昌市,3,瑞昌,3604
360482,共青城市,3,共青城,3604
360483,庐山市,3,庐山,3604
360501,市辖区,3,市辖区,3605
360502,渝水区,3,渝水,3605
360521,分宜县,3,分宜,3605
360601,市辖区,3,市辖区,3606
360602,月湖区,3,月湖,3606
360603,余江区,3,余江,3606
360681,贵溪市,3,贵溪,3606
360701,市辖区,3,市辖区,3607
360702,章贡区,3,章贡,3607
360703,南康区,3,南康,3607
360704,赣县区,3,赣县,3607
360722,信丰县,3,信丰,3607
360723,大余县,3,大余,3607
360724,上犹县,3,上犹,3607
360725,崇义县,3,崇义,3607
360726,安远县,3,安远,3607
360727,龙南县,3,龙南,3607
360728,定南县,3,定南,3607
360729,全南县,3,全南,3607
360730,宁都县,3,宁都,3607
360731,于都县,3,于都,3607
360732,兴国县,3,兴国,3607
360733,会昌县,3,会昌,3607
360734,寻乌县,3,寻乌,3607
360735,石城县,3,石城,3607
360781,瑞金市,3,瑞金,3607
360801,市辖区,3,市辖区,3608
360802,吉州区,3,吉州,3608
360803,青原区,3,青原,3608
360821,吉安县,3,吉安,3608
360822,吉水县,3,吉水,3608
360823,峡江县,3,峡江,3608
360824,新干县,3,新干,3608
360825,永丰县,3,永丰,3608
360826,泰和县,3,泰和,3608
360827,遂川县,3,遂川,3608
360828,万安县,3,万安,3608
360829,安福县,3,安福,3608
360830,永新县,3,永新,3608
360881,井冈山市,3,井冈山,3608
360901,市辖区,3,市辖区,3609
360902,袁州区,3,袁州,3609
360921,奉新县,3,奉新,3609
360922,万载县,3,万载,3609
360923,上高县,3,上高,3609
360924,宜丰县,3,宜丰,3609
360925,靖安县,3,靖安,3609
360926,铜鼓县,3,铜鼓,3609
360981,丰城市,3,丰城,3609
360982,樟树市,3,樟树,3609
360983,高安市,3,高安,3609
361001,市辖区,3,市辖区,3610
361002,临川区,3,临川,3610
361003,东乡区,3,东乡,3610
361021,南城县,3,南城,3610
361022,黎川县,3,黎川,3610
361023,南丰县,3,南丰,3610
361024,崇仁县,3,崇仁,3610
361025,乐安县,3,乐安,3610
361026,宜黄县,3,宜黄,3610
361027,金溪县,3,金溪,3610
361028,资溪县,3,资溪,3610
361030,广昌县,3,广昌,3610
361101,市辖区,3,市辖区,3611
361102,信州区,3,信州,3611
361103,广丰区,3,广丰,3611
361104,广信区,3,广信,3611
361123,玉山县,3,玉山,3611
361124,铅山县,3,铅山,3611
361125,横峰县,3,横峰,3611
361126,弋阳县,3,弋阳,3611
361127,余干县,3,余干,3611
361128,鄱阳县,3,鄱阳,3611
361129,万年县,3,万年,3611
361130,婺源县,3,婺源,3611
361181,德兴市,3,德兴,3611
3701,济南市,2,济南,37
3702,青岛市,2,青岛,37
3703,淄博市,2,淄博,37
3704,枣庄市,2,枣庄,37
3705,东营市,2,东营,37
3706,烟台市,2,烟台,37
3707,潍坊市,2,潍坊,37
3708,济宁市,2,济宁,37
3709,泰安市,2,泰安,37
3710,威海市,2,威海,37
3711,日照市,2,日照,37
3713,临沂市,2,临沂,37
3714,德州市,2,德州,37
3715,聊城市,2,聊城,37
3716,滨州市,2,滨州,37
3717,菏泽市,2,菏泽,37
370101,市辖区,3,市辖区,3701
370102,历下区,3,历下,3701
370103,市中区,3,中,3701
370104,槐荫区,3,槐荫,3701
370105,天桥区,3,天桥,3701
370112,历城区,3,历城,3701
370113,长清区,3,长清,3701
370114,章丘区,3,章丘,3701
370115,济阳区,3,济阳,3701
370116,莱芜区,3,莱芜,3701
370117,钢城区,3,钢城,3701
370124,平阴县,3,平阴,3701
370126,商河县,3,商河,3701
370171,济南高新技术产业开发区,3,济南高新技术产业开发区,3701
370201,市辖区,3,市辖区,3702
370202,市南区,3,市南,3702
370203,市北区,3,市北,3702
370211,黄岛区,3,黄岛,3702
370212,崂山区,3,崂山,3702
370213,李沧区,3,李沧,3702
370214,城阳区,3,城阳,3702
370215,即墨区,3,即墨,3702
370271,青岛高新技术产业开发区,3,青岛高新技术产业开发区,3702
370281,胶州市,3,胶州,3702
370283,平度市,3,平度,3702
370285,莱西市,3,莱西,3702
370301,市辖区,3,市辖区,3703
370302,淄川区,3,淄川,3703
370303,张店区,3,张店,3703
370304,博山区,3,博山,3703
370305,临淄区,3,临淄,3703
370306,周村区,3,周村,3703
370321,桓台县,3,桓台,3703
370322,高青县,3,高青,3703
370323,沂源县,3,沂源,3703
370401,市辖区,3,市辖区,3704
370402,市中区,3,市中,3704
370403,薛城区,3,薛城,3704
370404,峄城区,3,峄城,3704
370405,台儿庄区,3,台儿庄,3704
370406,山亭区,3,山亭,3704
370481,滕州市,3,滕州,3704
370501,市辖区,3,市辖区,3705
370502,东营区,3,东营,3705
370503,河口区,3,河口,3705
370505,垦利区,3,垦利,3705
370522,利津县,3,利津,3705
370523,广饶县,3,广饶,3705
370571,东营经济技术开发区,3,东营经济技术开发区,3705
370572,东营港经济开发区,3,东营港经济开发区,3705
370601,市辖区,3,市辖区,3706
370602,芝罘区,3,芝罘,3706
370611,福山区,3,福山,3706
370612,牟平区,3,牟平,3706
370613,莱山区,3,莱山,3706
370634,长岛县,3,长岛,3706
370671,烟台高新技术产业开发区,3,烟台高新技术产业开发区,3706
370672,烟台经济技术开发区,3,烟台经济技术开发区,3706
370681,龙口市,3,龙口,3706
370682,莱阳市,3,莱阳,3706
370683,莱州市,3,莱州,3706
370684,蓬莱市,3,蓬莱,3706
370685,招远市,3,招远,3706
370686,栖霞市,3,栖霞,3706
370687,海阳市,3,海阳,3706
370701,市辖区,3,市辖区,3707
370702,潍城区,3,潍城,3707
370703,寒亭区,3,寒亭,3707
370704,坊子区,3,坊子,3707
370705,奎文区,3,奎文,3707
370724,临朐县,3,临朐,3707
370725,昌乐县,3,昌乐,3707
370772,潍坊滨海经济技术开发区,3,潍坊滨海经济技术开发区,3707
370781,青州市,3,青州,3707
370782,诸城市,3,诸城,3707
370783,寿光市,3,寿光,3707
370784,安丘市,3,安丘,3707
370785,高密市,3,高密,3707
370786,昌邑市,3,昌邑,3707
370801,市辖区,3,市辖区,3708
370811,任城区,3,任城,3708
370812,兖州区,3,兖州,3708
370826,微山县,3,微山,3708
370827,鱼台县,3,鱼台,3708
370828,金乡县,3,金乡,3708
370829,嘉祥县,3,嘉祥,3708
370830,汶上县,3,汶上,3708
370831,泗水县,3,泗水,3708
370832,梁山县,3,梁山,3708
370871,济宁高新技术产业开发区,3,济宁高新技术产业开发区,3708
370881,曲阜市,3,曲阜,3708
370883,邹城市,3,邹城,3708
370901,市辖区,3,市辖区,3709
370902,泰山区,3,泰山,3709
370911,岱岳区,3,岱岳,3709
370921,宁阳县,3,宁阳,3709
370923,东平县,3,东平,3709
370982,新泰市,3,新泰,3709
370983,肥城市,3,肥城,3709
371001,市辖区,3,市辖区,3710
371002,环翠区,3,环翠,3710
371003,文登区,3,文登,3710
371071,威海火炬高技术产业开发区,3,威海火炬高技术产业开发区,3710
371072,威海经济技术开发区,3,威海经济技术开发区,3710
371073,威海临港经济技术开发区,3,威海临港经济技术开发区,3710
371082,荣成市,3,荣成,3710
371083,乳山市,3,乳山,3710
371101,市辖区,3,市辖区,3711
371102,东港区,3,东港,3711
371103,岚山区,3,岚山,3711
371121,五莲县,3,五莲,3711
371122,莒县,3,莒县,3711
371171,日照经济技术开发区,3,日照经济技术开发区,3711
371301,市辖区,3,市辖区,3713
371302,兰山区,3,兰山,3713
371311,罗庄区,3,罗庄,3713
371312,河东区,3,河东,3713
371321,沂南县,3,沂南,3713
371322,郯城县,3,郯城,3713
371323,沂水县,3,沂水,3713
371324,兰陵县,3,兰陵,3713
371325,费县,3,费县,3713
371326,平邑县,3,平邑,3713
371327,莒南县,3,莒南,3713
371328,蒙阴县,3,蒙阴,3713
371329,临沭县,3,临沭,3713
371371,临沂高新技术产业开发区,3,临沂高新技术产业开发区,3713
371372,临沂经济技术开发区,3,临沂经济技术开发区,3713
371373,临沂临港经济开发区,3,临沂临港经济开发区,3713
371401,市辖区,3,市辖区,3714
371402,德城区,3,德城,3714
371403,陵城区,3,陵城,3714
371422,宁津县,3,宁津,3714
371423,庆云县,3,庆云,3714
371424,临邑县,3,临邑,3714
371425,齐河县,3,齐河,3714
371426,平原县,3,平原,3714
371427,夏津县,3,夏津,3714
371428,武城县,3,武城,3714
371471,德州经济技术开发区,3,德州经济技术开发区,3714
371472,德州运河经济开发区,3,德州运河经济开发区,3714
371481,乐陵市,3,乐陵,3714
371482,禹城市,3,禹城,3714
371501,市辖区,3,市辖区,3715
371502,东昌府区,3,东昌府,3715
371503,茌平区,3,茌平,3715
371521,阳谷县,3,阳谷,3715
371522,莘县,3,莘县,3715
371524,东阿县,3,东阿,3715
371525,冠县,3,冠县,3715
371526,高唐县,3,高唐,3715
371581,临清市,3,临清,3715
371601,市辖区,3,市辖区,3716
371602,滨城区,3,滨城,3716
371603,沾化区,3,沾化,3716
371621,惠民县,3,惠民,3716
371622,阳信县,3,阳信,3716
371623,无棣县,3,无棣,3716
371625,博兴县,3,博兴,3716
371681,邹平市,3,邹平,3716
371701,市辖区,3,市辖区,3717
371702,牡丹区,3,牡丹,3717
371703,定陶区,3,定陶,3717
371721,曹县,3,曹县,3717
371722,单县,3,单县,3717
371723,成武县,3,成武,3717
371724,巨野县,3,巨野,3717
371725,郓城县,3,郓城,3717
371726,鄄城县,3,鄄城,3717
371728,东明县,3,东明,3717
371771,菏泽经济技术开发区,3,菏泽经济技术开发区,3717
371772,菏泽高新技术开发区,3,菏泽高新技术开发区,3717
4101,郑州市,2,郑州,41
4102,开封市,2,开封,41
4103,洛阳市,2,洛阳,41
4104,平顶山市,2,平顶山,41
4105,安阳市,2,安阳,41
4106,鹤壁市,2,鹤壁,41
4107,新乡市,2,新乡,41
4108,焦作市,2,焦作,41
4109,濮阳市,2,濮阳,41
4110,许昌市,2,许昌,41
4111,漯河市,2,漯河,41
4112,三门峡市,2,三门峡,41
4113,南阳市,2,南阳,41
4114,商丘市,2,商丘,41
4115,信阳市,2,信阳,41
4116,周口市,2,周口,41
4117,驻马店市,2,驻马店,41
4190,省直辖县级行政区划,2,直辖县级行政区划,41
410101,市辖区,3,市辖区,4101
410102,中原区,3,中原,4101
410103,二七区,3,二七,4101
410104,管城回族区,3,管城,4101
410105,金水区,3,金水,4101
410106,上街区,3,上街,4101
410108,惠济区,3,惠济,4101
410122,中牟县,3,中牟,4101
410171,郑州经济技术开发区,3,郑州经济技术开发区,4101
410172,郑州高新技术产业开发区,3,郑州高新技术产业开发区,4101
410173,郑州航空港经济综合实验区,3,郑州航空港经济综合实验,4101
410181,巩义市,3,巩义,4101
410182,荥阳市,3,荥阳,4101
410183,新密市,3,新密,4101
410184,新郑市,3,新郑,4101
410185,登封市,3,登封,4101
410201,市辖区,3,市辖区,4102
410202,龙亭区,3,龙亭,4102
410203,顺河回族区,3,顺河回族,4102
410204,鼓楼区,3,鼓楼,4102
410205,禹王台区,3,禹王台,4102
410212,祥符区,3,祥符,4102
410221,杞县,3,杞县,4102
410222,通许县,3,通许,4102
410223,尉氏县,3,尉氏,4102
410225,兰考县,3,兰考,4102
410301,市辖区,3,市辖区,4103
410302,老城区,3,老城,4103
410303,西工区,3,西工,4103
410304,瀍河回族区,3,瀍河回族,4103
410305,涧西区,3,涧西,4103
410306,吉利区,3,吉利,4103
410311,洛龙区,3,洛龙,4103
410322,孟津县,3,孟津,4103
410323,新安县,3,新安,4103
410324,栾川县,3,栾川,4103
410325,嵩县,3,嵩县,4103
410326,汝阳县,3,汝阳,4103
410327,宜阳县,3,宜阳,4103
410328,洛宁县,3,洛宁,4103
410329,伊川县,3,伊川,4103
410371,洛阳高新技术产业开发区,3,洛阳高新技术产业开发区,4103
410381,偃师市,3,偃师,4103
410401,市辖区,3,市辖区,4104
410402,新华区,3,新华,4104
410403,卫东区,3,卫东,4104
410404,石龙区,3,石龙,4104
410411,湛河区,3,湛河,4104
410421,宝丰县,3,宝丰,4104
410422,叶县,3,叶县,4104
410423,鲁山县,3,鲁山,4104
410425,郏县,3,郏县,4104
410471,平顶山高新技术产业开发区,3,平顶山高新技术产业开发区,4104
410472,平顶山市城乡一体化示范区,3,平顶山城乡一体化示范,4104
410481,舞钢市,3,舞钢,4104
410482,汝州市,3,汝州,4104
410501,市辖区,3,市辖区,4105
410502,文峰区,3,文峰,4105
410503,北关区,3,北关,4105
410505,殷都区,3,殷都,4105
410506,龙安区,3,龙安,4105
410522,安阳县,3,安阳,4105
410523,汤阴县,3,汤阴,4105
410526,滑县,3,滑县,4105
410527,内黄县,3,内黄,4105
410571,安阳高新技术产业开发区,3,安阳高新技术产业开发区,4105
410581,林州市,3,林州,4105
410601,市辖区,3,市辖区,4106
410602,鹤山区,3,鹤山,4106
410603,山城区,3,山城,4106
410611,淇滨区,3,淇滨,4106
410621,浚县,3,浚县,4106
410622,淇县,3,淇县,4106
410671,鹤壁经济技术开发区,3,鹤壁经济技术开发区,4106
410701,市辖区,3,市辖区,4107
410702,红旗区,3,红旗,4107
410703,卫滨区,3,卫滨,4107
410704,凤泉区,3,凤泉,4107
410711,牧野区,3,牧野,4107
410721,新乡县,3,新乡,4107
410724,获嘉县,3,获嘉,4107
410725,原阳县,3,原阳,4107
410726,延津县,3,延津,4107
410727,封丘县,3,封丘,4107
410771,新乡高新技术产业开发区,3,新乡高新技术产业开发区,4107
410772,新乡经济技术开发区,3,新乡经济技术开发区,4107
410773,新乡市平原城乡一体化示范区,3,新乡平原城乡一体化示范区,4107
410781,卫辉市,3,卫辉,4107
410782,辉县市,3,辉县,4107
410783,长垣市,3,长垣,4107
410801,市辖区,3,市辖区,4108
410802,解放区,3,解放,4108
410803,中站区,3,中站,4108
410804,马村区,3,马村,4108
410811,山阳区,3,山阳,4108
410821,修武县,3,修武,4108
410822,博爱县,3,博爱,4108
410823,武陟县,3,武陟,4108
410825,温县,3,温县,4108
410871,焦作城乡一体化示范区,3,焦作城乡一体化示范区,4108
410882,沁阳市,3,沁阳,4108
410883,孟州市,3,孟州,4108
410901,市辖区,3,市辖区,4109
410902,华龙区,3,华龙,4109
410922,清丰县,3,清丰,4109
410923,南乐县,3,南乐,4109
410926,范县,3,范县,4109
410927,台前县,3,台前,4109
410928,濮阳县,3,濮阳,4109
410971,河南濮阳工业园区,3,河南濮阳工业园,4109
410972,濮阳经济技术开发区,3,濮阳经济技术开发区,4109
411001,市辖区,3,市辖区,4110
411002,魏都区,3,魏都,4110
411003,建安区,3,建安,4110
411024,鄢陵县,3,鄢陵,4110
411025,襄城县,3,襄城,4110
411071,许昌经济技术开发区,3,许昌经济技术开发区,4110
411081,禹州市,3,禹州,4110
411082,长葛市,3,长葛,4110
411101,市辖区,3,市辖区,4111
411102,源汇区,3,源汇,4111
411103,郾城区,3,郾城,4111
411104,召陵区,3,召陵,4111
411121,舞阳县,3,舞阳,4111
411122,临颍县,3,临颍,4111
411171,漯河经济技术开发区,3,漯河经济技术开发区,4111
411201,市辖区,3,市辖区,4112
411202,湖滨区,3,湖滨,4112
411203,陕州区,3,陕州,4112
411221,渑池县,3,渑池,4112
411224,卢氏县,3,卢氏,4112
411271,河南三门峡经济开发区,3,河南三门峡经济开发区,4112
411281,义马市,3,义马,4112
411282,灵宝市,3,灵宝,4112
411301,市辖区,3,市辖区,4113
411302,宛城区,3,宛城,4113
411303,卧龙区,3,卧龙,4113
411321,南召县,3,南召,4113
411322,方城县,3,方城,4113
411323,西峡县,3,西峡,4113
411324,镇平县,3,镇平,4113
411325,内乡县,3,内乡,4113
411326,淅川县,3,淅川,4113
411327,社旗县,3,社旗,4113
411328,唐河县,3,唐河,4113
411329,新野县,3,新野,4113
411330,桐柏县,3,桐柏,4113
411371,南阳高新技术产业开发区,3,南阳高新技术产业开发区,4113
411372,南阳市城乡一体化示范区,3,南阳城乡一体化示范,4113
411381,邓州市,3,邓州,4113
411401,市辖区,3,市辖区,4114
411402,梁园区,3,梁园,4114
411403,睢阳区,3,睢阳,4114
411421,民权县,3,民权,4114
411422,睢县,3,睢县,4114
411423,宁陵县,3,宁陵,4114
411424,柘城县,3,柘城,4114
411425,虞城县,3,虞城,4114
411426,夏邑县,3,夏邑,4114
411471,豫东综合物流产业聚集区,3,豫东综合物流产业聚集,4114
411472,河南商丘经济开发区,3,河南商丘经济开发区,4114
411481,永城市,3,永城,4114
411501,市辖区,3,市辖区,4115
411502,浉河区,3,浉河,4115
411503,平桥区,3,平桥,4115
411521,罗山县,3,罗山,4115
411522,光山县,3,光山,4115
411523,新县,3,新县,4115
411524,商城县,3,商城,4115
411525,固始县,3,固始,4115
411526,潢川县,3,潢川,4115
411527,淮滨县,3,淮滨,4115
411528,息县,3,息县,4115
411571,信阳高新技术产业开发区,3,信阳高新技术产业开发区,4115
411601,市辖区,3,市辖区,4116
411602,川汇区,3,川汇,4116
411603,淮阳区,3,淮阳,4116
411621,扶沟县,3,扶沟,4116
411622,西华县,3,西华,4116
411623,商水县,3,商水,4116
411624,沈丘县,3,沈丘,4116
411625,郸城县,3,郸城,4116
411627,太康县,3,太康,4116
411628,鹿邑县,3,鹿邑,4116
411671,河南周口经济开发区,3,河南周口经济开发区,4116
411681,项城市,3,项城,4116
411701,市辖区,3,市辖区,4117
411702,驿城区,3,驿城,4117
411721,西平县,3,西平,4117
411722,上蔡县,3,上蔡,4117
411723,平舆县,3,平舆,4117
411724,正阳县,3,正阳,4117
411725,确山县,3,确山,4117
411726,泌阳县,3,泌阳,4117
411727,汝南县,3,汝南,4117
411728,遂平县,3,遂平,4117
411729,新蔡县,3,新蔡,4117
411771,河南驻马店经济开发区,3,河南驻马店经济开发区,4117
419001,济源市,3,济源,4190
4201,武汉市,2,武汉,42
4202,黄石市,2,黄石,42
4203,十堰市,2,十堰,42
4205,宜昌市,2,宜昌,42
4206,襄阳市,2,襄阳,42
4207,鄂州市,2,鄂州,42
4208,荆门市,2,荆门,42
4209,孝感市,2,孝感,42
4210,荆州市,2,荆州,42
4211,黄冈市,2,黄冈,42
4212,咸宁市,2,咸宁,42
4213,随州市,2,随州,42
4228,恩施土家族苗族自治州,2,恩施土家族苗族自治州,42
4290,省直辖县级行政区划,2,直辖县级行政划,42
420101,市辖区,3,市辖区,4201
420102,江岸区,3,江岸,4201
420103,江汉区,3,江汉,4201
420104,硚口区,3,硚口,4201
420105,汉阳区,3,汉阳,4201
420106,武昌区,3,武昌,4201
420107,青山区,3,青山,4201
420111,洪山区,3,洪山,4201
420112,东西湖区,3,东西湖,4201
420113,汉南区,3,汉南,4201
420114,蔡甸区,3,蔡甸,4201
420115,江夏区,3,江夏,4201
420116,黄陂区,3,黄陂,4201
420117,新洲区,3,新洲,4201
420201,市辖区,3,市辖区,4202
420202,黄石港区,3,黄石港,4202
420203,西塞山区,3,西塞山,4202
420204,下陆区,3,下陆,4202
420205,铁山区,3,铁山,4202
420222,阳新县,3,阳新,4202
420281,大冶市,3,大冶,4202
420301,市辖区,3,市辖区,4203
420302,茅箭区,3,茅箭,4203
420303,张湾区,3,张湾,4203
420304,郧阳区,3,郧阳,4203
420322,郧西县,3,郧西,4203
420323,竹山县,3,竹山,4203
420324,竹溪县,3,竹溪,4203
420325,房县,3,房县,4203
420381,丹江口市,3,丹江口,4203
420501,市辖区,3,市辖区,4205
420502,西陵区,3,西陵,4205
420503,伍家岗区,3,伍家岗,4205
420504,点军区,3,点军,4205
420505,猇亭区,3,猇亭,4205
420506,夷陵区,3,夷陵,4205
420525,远安县,3,远安,4205
420526,兴山县,3,兴山,4205
420527,秭归县,3,秭归,4205
420528,长阳土家族自治县,3,长阳,4205
420529,五峰土家族自治县,3,五峰,4205
420581,宜都市,3,宜都,4205
420582,当阳市,3,当阳,4205
420583,枝江市,3,枝江,4205
420601,市辖区,3,市辖区,4206
420602,襄城区,3,襄城,4206
420606,樊城区,3,樊城,4206
420607,襄州区,3,襄州,4206
420624,南漳县,3,南漳,4206
420625,谷城县,3,谷城,4206
420626,保康县,3,保康,4206
420682,老河口市,3,老河口,4206
420683,枣阳市,3,枣阳,4206
420684,宜城市,3,宜城,4206
420701,市辖区,3,市辖区,4207
420702,梁子湖区,3,梁子湖,4207
420703,华容区,3,华容,4207
420704,鄂城区,3,鄂城,4207
420801,市辖区,3,市辖区,4208
420802,东宝区,3,东宝,4208
420804,掇刀区,3,掇刀,4208
420822,沙洋县,3,沙洋,4208
420881,钟祥市,3,钟祥,4208
420882,京山市,3,京山,4208
420901,市辖区,3,市辖区,4209
420902,孝南区,3,孝南,4209
420921,孝昌县,3,孝昌,4209
420922,大悟县,3,大悟,4209
420923,云梦县,3,云梦,4209
420981,应城市,3,应城,4209
420982,安陆市,3,安陆,4209
420984,汉川市,3,汉川,4209
421001,市辖区,3,市辖区,4210
421002,沙市区,3,沙市,4210
421003,荆州区,3,荆州,4210
421022,公安县,3,公安,4210
421023,监利县,3,监利,4210
421024,江陵县,3,江陵,4210
421071,荆州经济技术开发区,3,荆州经济技术开发区,4210
421081,石首市,3,石首,4210
421083,洪湖市,3,洪湖,4210
421087,松滋市,3,松滋,4210
421101,市辖区,3,市辖区,4211
421102,黄州区,3,黄州,4211
421121,团风县,3,团风,4211
421122,红安县,3,红安,4211
421123,罗田县,3,罗田,4211
421124,英山县,3,英山,4211
421125,浠水县,3,浠水,4211
421126,蕲春县,3,蕲春,4211
421127,黄梅县,3,黄梅,4211
421171,龙感湖管理区,3,龙感湖管理,4211
421181,麻城市,3,麻城,4211
421182,武穴市,3,武穴,4211
421201,市辖区,3,市辖区,4212
421202,咸安区,3,咸安,4212
421221,嘉鱼县,3,嘉鱼,4212
421222,通城县,3,通城,4212
421223,崇阳县,3,崇阳,4212
421224,通山县,3,通山,4212
421281,赤壁市,3,赤壁,4212
421301,市辖区,3,市辖区,4213
421303,曾都区,3,曾都,4213
421321,随县,3,随县,4213
421381,广水市,3,广水,4213
422801,恩施市,3,恩施,4228
422802,利川市,3,利川,4228
422822,建始县,3,建始,4228
422823,巴东县,3,巴东,4228
422825,宣恩县,3,宣恩,4228
422826,咸丰县,3,咸丰,4228
422827,来凤县,3,来凤,4228
422828,鹤峰县,3,鹤峰,4228
429004,仙桃市,3,仙桃,4290
429005,潜江市,3,潜江,4290
429006,天门市,3,天门,4290
429021,神农架林区,3,神农架林,4290
4301,长沙市,2,长沙,43
4302,株洲市,2,株洲,43
4303,湘潭市,2,湘潭,43
4304,衡阳市,2,衡阳,43
4305,邵阳市,2,邵阳,43
4306,岳阳市,2,岳阳,43
4307,常德市,2,常德,43
4308,张家界市,2,张家界,43
4309,益阳市,2,益阳,43
4310,郴州市,2,郴州,43
4311,永州市,2,永州,43
4312,怀化市,2,怀化,43
4313,娄底市,2,娄底,43
4331,湘西土家族苗族自治州,2,湘西,43
430101,市辖区,3,市辖区,4301
430102,芙蓉区,3,芙蓉,4301
430103,天心区,3,天心,4301
430104,岳麓区,3,岳麓,4301
430105,开福区,3,开福,4301
430111,雨花区,3,雨花,4301
430112,望城区,3,望城,4301
430121,长沙县,3,长沙,4301
430181,浏阳市,3,浏阳,4301
430182,宁乡市,3,宁乡,4301
430201,市辖区,3,市辖区,4302
430202,荷塘区,3,荷塘,4302
430203,芦淞区,3,芦淞,4302
430204,石峰区,3,石峰,4302
430211,天元区,3,天元,4302
430212,渌口区,3,渌口,4302
430223,攸县,3,攸县,4302
430224,茶陵县,3,茶陵,4302
430225,炎陵县,3,炎陵,4302
430271,云龙示范区,3,云龙,4302
430281,醴陵市,3,醴陵,4302
430301,市辖区,3,市辖区,4303
430302,雨湖区,3,雨湖,4303
430304,岳塘区,3,岳塘,4303
430321,湘潭县,3,湘潭,4303
430371,湖南湘潭高新技术产业园区,3,湖南湘潭高新技术产业园,4303
430372,湘潭昭山示范区,3,湘潭昭山,4303
430373,湘潭九华示范区,3,湘潭九华,4303
430381,湘乡市,3,湘乡,4303
430382,韶山市,3,韶山,4303
430401,市辖区,3,市辖区,4304
430405,珠晖区,3,珠晖,4304
430406,雁峰区,3,雁峰,4304
430407,石鼓区,3,石鼓,4304
430408,蒸湘区,3,蒸湘,4304
430412,南岳区,3,南岳,4304
430421,衡阳县,3,衡阳,4304
430422,衡南县,3,衡南,4304
430423,衡山县,3,衡山,4304
430424,衡东县,3,衡东,4304
430426,祁东县,3,祁东,4304
430471,衡阳综合保税区,3,衡阳,4304
430472,湖南衡阳高新技术产业园区,3,湖南衡阳高新技术产业园区,4304
430473,湖南衡阳松木经济开发区,3,湖南衡阳松木经济开发区,4304
430481,耒阳市,3,耒阳,4304
430482,常宁市,3,常宁,4304
430501,市辖区,3,市辖区,4305
430502,双清区,3,双清,4305
430503,大祥区,3,大祥,4305
430511,北塔区,3,北塔,4305
430522,新邵县,3,新邵,4305
430523,邵阳县,3,邵阳,4305
430524,隆回县,3,隆回,4305
430525,洞口县,3,洞口,4305
430527,绥宁县,3,绥宁,4305
430528,新宁县,3,新宁,4305
430529,城步苗族自治县,3,城步,4305
430581,武冈市,3,武冈,4305
430582,邵东市,3,邵东,4305
430601,市辖区,3,市辖区,4306
430602,岳阳楼区,3,岳阳楼,4306
430603,云溪区,3,云溪,4306
430611,君山区,3,君山,4306
430621,岳阳县,3,岳阳,4306
430623,华容县,3,华容,4306
430624,湘阴县,3,湘阴,4306
430626,平江县,3,平江,4306
430671,岳阳市屈原管理区,3,岳阳屈原管理区,4306
430681,汨罗市,3,汨罗,4306
430682,临湘市,3,临湘,4306
430701,市辖区,3,市辖区,4307
430702,武陵区,3,武陵,4307
430703,鼎城区,3,鼎城,4307
430721,安乡县,3,安乡,4307
430722,汉寿县,3,汉寿,4307
430723,澧县,3,澧县,4307
430724,临澧县,3,临澧,4307
430725,桃源县,3,桃源,4307
430726,石门县,3,石门,4307
430771,常德市西洞庭管理区,3,常德西洞庭管理区,4307
430781,津市市,3,津市,4307
430801,市辖区,3,市辖区,4308
430802,永定区,3,永定,4308
430811,武陵源区,3,武陵源,4308
430821,慈利县,3,慈利,4308
430822,桑植县,3,桑植,4308
430901,市辖区,3,市辖区,4309
430902,资阳区,3,资阳,4309
430903,赫山区,3,赫山,4309
430921,南县,3,南县,4309
430922,桃江县,3,桃江,4309
430923,安化县,3,安化,4309
430971,益阳市大通湖管理区,3,益阳大通湖管理,4309
430972,湖南益阳高新技术产业园区,3,湖南益阳高新技术产业园,4309
430981,沅江市,3,沅江,4309
431001,市辖区,3,市辖区,4310
431002,北湖区,3,北湖,4310
431003,苏仙区,3,苏仙,4310
431021,桂阳县,3,桂阳,4310
431022,宜章县,3,宜章,4310
431023,永兴县,3,永兴,4310
431024,嘉禾县,3,嘉禾,4310
431025,临武县,3,临武,4310
431026,汝城县,3,汝城,4310
431027,桂东县,3,桂东,4310
431028,安仁县,3,安仁,4310
431081,资兴市,3,资兴,4310
431101,市辖区,3,市辖区,4311
431102,零陵区,3,零陵,4311
431103,冷水滩区,3,冷水滩,4311
431121,祁阳县,3,祁阳,4311
431122,东安县,3,东安,4311
431123,双牌县,3,双牌,4311
431124,道县,3,道县,4311
431125,江永县,3,江永,4311
431126,宁远县,3,宁远,4311
431127,蓝山县,3,蓝山,4311
431128,新田县,3,新田,4311
431129,江华瑶族自治县,3,江华,4311
431171,永州经济技术开发区,3,永州经济技术开发区,4311
431172,永州市金洞管理区,3,永州金洞管理区,4311
431173,永州市回龙圩管理区,3,永州回龙圩管理区,4311
431201,市辖区,3,市辖区,4312
431202,鹤城区,3,鹤城,4312
431221,中方县,3,中方,4312
431222,沅陵县,3,沅陵,4312
431223,辰溪县,3,辰溪,4312
431224,溆浦县,3,溆浦,4312
431225,会同县,3,会同,4312
431226,麻阳苗族自治县,3,麻阳,4312
431227,新晃侗族自治县,3,新晃,4312
431228,芷江侗族自治县,3,芷江,4312
431229,靖州苗族侗族自治县,3,靖州,4312
431230,通道侗族自治县,3,通道,4312
431271,怀化市洪江管理区,3,怀化洪江管理区,4312
431281,洪江市,3,洪江,4312
431301,市辖区,3,市辖区,4313
431302,娄星区,3,娄星,4313
431321,双峰县,3,双峰,4313
431322,新化县,3,新化,4313
431381,冷水江市,3,冷水江,4313
431382,涟源市,3,涟源,4313
433101,吉首市,3,吉首,4331
433122,泸溪县,3,泸溪,4331
433123,凤凰县,3,凤凰,4331
433124,花垣县,3,花垣,4331
433125,保靖县,3,保靖,4331
433126,古丈县,3,古丈,4331
433127,永顺县,3,永顺,4331
433130,龙山县,3,龙山,4331
433173,湖南永顺经济开发区,3,湖南永顺经济开发区,4331
4401,广州市,2,广州,44
4402,韶关市,2,韶关,44
4403,深圳市,2,深圳,44
4404,珠海市,2,珠海,44
4405,汕头市,2,汕头,44
4406,佛山市,2,佛山,44
4407,江门市,2,江门,44
4408,湛江市,2,湛江,44
4409,茂名市,2,茂名,44
4412,肇庆市,2,肇庆,44
4413,惠州市,2,惠州,44
4414,梅州市,2,梅州,44
4415,汕尾市,2,汕尾,44
4416,河源市,2,河源,44
4417,阳江市,2,阳江,44
4418,清远市,2,清远,44
4419,东莞市,2,东莞,44
4420,中山市,2,中山,44
4451,潮州市,2,潮州,44
4452,揭阳市,2,揭阳,44
4453,云浮市,2,云浮,44
440101,市辖区,3,市辖区,4401
440103,荔湾区,3,荔湾,4401
440104,越秀区,3,越秀,4401
440105,海珠区,3,海珠,4401
440106,天河区,3,天河,4401
440111,白云区,3,白云,4401
440112,黄埔区,3,黄埔,4401
440113,番禺区,3,番禺,4401
440114,花都区,3,花都,4401
440115,南沙区,3,南沙,4401
440117,从化区,3,从化,4401
440118,增城区,3,增城,4401
440201,市辖区,3,市辖区,4402
440203,武江区,3,武江,4402
440204,浈江区,3,浈江,4402
440205,曲江区,3,曲江,4402
440222,始兴县,3,始兴,4402
440224,仁化县,3,仁化,4402
440229,翁源县,3,翁源,4402
440232,乳源瑶族自治县,3,乳源,4402
440233,新丰县,3,新丰,4402
440281,乐昌市,3,乐昌,4402
440282,南雄市,3,南雄,4402
440301,市辖区,3,市辖区,4403
440303,罗湖区,3,罗湖,4403
440304,福田区,3,福田,4403
440305,南山区,3,南山,4403
440306,宝安区,3,宝安,4403
440307,龙岗区,3,龙岗,4403
440308,盐田区,3,盐田,4403
440309,龙华区,3,龙华,4403
440310,坪山区,3,坪山,4403
440311,光明区,3,光明,4403
440401,市辖区,3,市辖区,4404
440402,香洲区,3,香洲,4404
440403,斗门区,3,斗门,4404
440404,金湾区,3,金湾,4404
440501,市辖区,3,市辖区,4405
440507,龙湖区,3,龙湖,4405
440511,金平区,3,金平,4405
440512,濠江区,3,濠江,4405
440513,潮阳区,3,潮阳,4405
440514,潮南区,3,潮南,4405
440515,澄海区,3,澄海,4405
440523,南澳县,3,南澳,4405
440601,市辖区,3,市辖区,4406
440604,禅城区,3,禅城,4406
440605,南海区,3,南海,4406
440606,顺德区,3,顺德,4406
440607,三水区,3,三水,4406
440608,高明区,3,高明,4406
440701,市辖区,3,市辖区,4407
440703,蓬江区,3,蓬江,4407
440704,江海区,3,江海,4407
440705,新会区,3,新会,4407
440781,台山市,3,台山,4407
440783,开平市,3,开平,4407
440784,鹤山市,3,鹤山,4407
440785,恩平市,3,恩平,4407
440801,市辖区,3,市辖区,4408
440802,赤坎区,3,赤坎,4408
440803,霞山区,3,霞山,4408
440804,坡头区,3,坡头,4408
440811,麻章区,3,麻章,4408
440823,遂溪县,3,遂溪,4408
440825,徐闻县,3,徐闻,4408
440881,廉江市,3,廉江,4408
440882,雷州市,3,雷州,4408
440883,吴川市,3,吴川,4408
440901,市辖区,3,市辖区,4409
440902,茂南区,3,茂南,4409
440904,电白区,3,电白,4409
440981,高州市,3,高州,4409
440982,化州市,3,化州,4409
440983,信宜市,3,信宜,4409
441201,市辖区,3,市辖区,4412
441202,端州区,3,端州,4412
441203,鼎湖区,3,鼎湖,4412
441204,高要区,3,高要,4412
441223,广宁县,3,广宁,4412
441224,怀集县,3,怀集,4412
441225,封开县,3,封开,4412
441226,德庆县,3,德庆,4412
441284,四会市,3,四会,4412
441301,市辖区,3,市辖区,4413
441302,惠城区,3,惠城,4413
441303,惠阳区,3,惠阳,4413
441322,博罗县,3,博罗,4413
441323,惠东县,3,惠东,4413
441324,龙门县,3,龙门,4413
441401,市辖区,3,市辖区,4414
441402,梅江区,3,梅江,4414
441403,梅县区,3,梅县,4414
441422,大埔县,3,大埔,4414
441423,丰顺县,3,丰顺,4414
441424,五华县,3,五华,4414
441426,平远县,3,平远,4414
441427,蕉岭县,3,蕉岭,4414
441481,兴宁市,3,兴宁,4414
441501,市辖区,3,市辖区,4415
441502,城区,3,城区,4415
441521,海丰县,3,海丰,4415
441523,陆河县,3,陆河,4415
441581,陆丰市,3,陆丰,4415
441601,市辖区,3,市辖区,4416
441602,源城区,3,源城,4416
441621,紫金县,3,紫金,4416
441622,龙川县,3,龙川,4416
441623,连平县,3,连平,4416
441624,和平县,3,和平,4416
441625,东源县,3,东源,4416
441701,市辖区,3,市辖区,4417
441702,江城区,3,江城,4417
441704,阳东区,3,阳东,4417
441721,阳西县,3,阳西,4417
441781,阳春市,3,阳春,4417
441801,市辖区,3,市辖区,4418
441802,清城区,3,清城,4418
441803,清新区,3,清新,4418
441821,佛冈县,3,佛冈,4418
441823,阳山县,3,阳山,4418
441825,连山壮族瑶族自治县,3,连山壮族瑶族自治,4418
441826,连南瑶族自治县,3,连南瑶族自治,4418
441881,英德市,3,英德,4418
441882,连州市,3,连州,4418
441900003,东城街道,4,东城街道,4419
441900004,南城街道,4,南城街道,4419
441900005,万江街道,4,万江街道,4419
441900006,莞城街道,4,莞城街道,4419
441900101,石碣镇,4,石碣镇,4419
441900102,石龙镇,4,石龙镇,4419
441900103,茶山镇,4,茶山镇,4419
441900104,石排镇,4,石排镇,4419
441900105,企石镇,4,企石镇,4419
441900106,横沥镇,4,横沥镇,4419
441900107,桥头镇,4,桥头镇,4419
441900108,谢岗镇,4,谢岗镇,4419
441900109,东坑镇,4,东坑镇,4419
441900110,常平镇,4,常平镇,4419
441900111,寮步镇,4,寮步镇,4419
441900112,樟木头镇,4,樟木头镇,4419
441900113,大朗镇,4,大朗镇,4419
441900114,黄江镇,4,黄江镇,4419
441900115,清溪镇,4,清溪镇,4419
441900116,塘厦镇,4,塘厦镇,4419
441900117,凤岗镇,4,凤岗镇,4419
441900118,大岭山镇,4,大岭山镇,4419
441900119,长安镇,4,长安镇,4419
441900121,虎门镇,4,虎门镇,4419
441900122,厚街镇,4,厚街镇,4419
441900123,沙田镇,4,沙田镇,4419
441900124,道滘镇,4,道滘镇,4419
441900125,洪梅镇,4,洪梅镇,4419
441900126,麻涌镇,4,麻涌镇,4419
441900127,望牛墩镇,4,望牛墩镇,4419
441900128,中堂镇,4,中堂镇,4419
441900129,高埗镇,4,高埗镇,4419
441900401,松山湖,4,松山湖,4419
441900402,东莞港,4,东莞港,4419
441900403,东莞生态园,4,东莞生态园,4419
442000001,石岐街道,4,石岐街道,4420
442000002,东区街道,4,东区街道,4420
442000003,中山港街道,4,中山港街道,4420
442000004,西区街道,4,西区街道,4420
442000005,南区街道,4,南区街道,4420
442000006,五桂山街道,4,五桂山街道,4420
442000100,小榄镇,4,小榄镇,4420
442000101,黄圃镇,4,黄圃镇,4420
442000102,民众镇,4,民众镇,4420
442000103,东凤镇,4,东凤镇,4420
442000104,东升镇,4,东升镇,4420
442000105,古镇镇,4,古镇镇,4420
442000106,沙溪镇,4,沙溪镇,4420
442000107,坦洲镇,4,坦洲镇,4420
442000108,港口镇,4,港口镇,4420
442000109,三角镇,4,三角镇,4420
442000110,横栏镇,4,横栏镇,4420
442000111,南头镇,4,南头镇,4420
442000112,阜沙镇,4,阜沙镇,4420
442000113,南朗镇,4,南朗镇,4420
442000114,三乡镇,4,三乡镇,4420
442000115,板芙镇,4,板芙镇,4420
442000116,大涌镇,4,大涌镇,4420
442000117,神湾镇,4,神湾镇,4420
445101,市辖区,3,市辖区,4451
445102,湘桥区,3,湘桥,4451
445103,潮安区,3,潮安,4451
445122,饶平县,3,饶平,4451
445201,市辖区,3,市辖区,4452
445202,榕城区,3,榕城,4452
445203,揭东区,3,揭东,4452
445222,揭西县,3,揭西,4452
445224,惠来县,3,惠来,4452
445281,普宁市,3,普宁,4452
445301,市辖区,3,市辖区,4453
445302,云城区,3,云城,4453
445303,云安区,3,云安,4453
445321,新兴县,3,新兴,4453
445322,郁南县,3,郁南,4453
445381,罗定市,3,罗定,4453
4501,南宁市,2,南宁,45
4502,柳州市,2,柳州,45
4503,桂林市,2,桂林,45
4504,梧州市,2,梧州,45
4505,北海市,2,北海,45
4506,防城港市,2,防城港,45
4507,钦州市,2,钦州,45
4508,贵港市,2,贵港,45
4509,玉林市,2,玉林,45
4510,百色市,2,百色,45
4511,贺州市,2,贺州,45
4512,河池市,2,河池,45
4513,来宾市,2,来宾,45
4514,崇左市,2,崇左,45
450101,市辖区,3,市辖区,4501
450102,兴宁区,3,兴宁,4501
450103,青秀区,3,青秀,4501
450105,江南区,3,江南,4501
450107,西乡塘区,3,西乡塘,4501
450108,良庆区,3,良庆,4501
450109,邕宁区,3,邕宁,4501
450110,武鸣区,3,武鸣,4501
450123,隆安县,3,隆安,4501
450124,马山县,3,马山,4501
450125,上林县,3,上林,4501
450126,宾阳县,3,宾阳,4501
450127,横县,3,横县,4501
450201,市辖区,3,市辖区,4502
450202,城中区,3,城中,4502
450203,鱼峰区,3,鱼峰,4502
450204,柳南区,3,柳南,4502
450205,柳北区,3,柳北,4502
450206,柳江区,3,柳江,4502
450222,柳城县,3,柳城,4502
450223,鹿寨县,3,鹿寨,4502
450224,融安县,3,融安,4502
450225,融水苗族自治县,3,融水,4502
450226,三江侗族自治县,3,三江,4502
450301,市辖区,3,市辖区,4503
450302,秀峰区,3,秀峰,4503
450303,叠彩区,3,叠彩,4503
450304,象山区,3,象山,4503
450305,七星区,3,七星,4503
450311,雁山区,3,雁山,4503
450312,临桂区,3,临桂,4503
450321,阳朔县,3,阳朔,4503
450323,灵川县,3,灵川,4503
450324,全州县,3,全州,4503
450325,兴安县,3,兴安,4503
450326,永福县,3,永福,4503
450327,灌阳县,3,灌阳,4503
450328,龙胜各族自治县,3,龙胜,4503
450329,资源县,3,资源,4503
450330,平乐县,3,平乐,4503
450332,恭城瑶族自治县,3,恭城,4503
450381,荔浦市,3,荔浦,4503
450401,市辖区,3,市辖区,4504
450403,万秀区,3,万秀,4504
450405,长洲区,3,长洲,4504
450406,龙圩区,3,龙圩,4504
450421,苍梧县,3,苍梧,4504
450422,藤县,3,藤县,4504
450423,蒙山县,3,蒙山,4504
450481,岑溪市,3,岑溪,4504
450501,市辖区,3,市辖区,4505
450502,海城区,3,海城,4505
450503,银海区,3,银海,4505
450512,铁山港区,3,铁山港,4505
450521,合浦县,3,合浦,4505
450601,市辖区,3,市辖区,4506
450602,港口区,3,港口,4506
450603,防城区,3,防城,4506
450621,上思县,3,上思,4506
450681,东兴市,3,东兴,4506
450701,市辖区,3,市辖区,4507
450702,钦南区,3,钦南,4507
450703,钦北区,3,钦北,4507
450721,灵山县,3,灵山,4507
450722,浦北县,3,浦北,4507
450801,市辖区,3,市辖区,4508
450802,港北区,3,港北,4508
450803,港南区,3,港南,4508
450804,覃塘区,3,覃塘,4508
450821,平南县,3,平南,4508
450881,桂平市,3,桂平,4508
450901,市辖区,3,市辖区,4509
450902,玉州区,3,玉州,4509
450903,福绵区,3,福绵,4509
450921,容县,3,容县,4509
450922,陆川县,3,陆川,4509
450923,博白县,3,博白,4509
450924,兴业县,3,兴业,4509
450981,北流市,3,北流,4509
451001,市辖区,3,市辖区,4510
451002,右江区,3,右江,4510
451003,田阳区,3,田阳,4510
451022,田东县,3,田东,4510
451023,平果县,3,平果,4510
451024,德保县,3,德保,4510
451026,那坡县,3,那坡,4510
451027,凌云县,3,凌云,4510
451028,乐业县,3,乐业,4510
451029,田林县,3,田林,4510
451030,西林县,3,西林,4510
451031,隆林各族自治县,3,隆林,4510
451081,靖西市,3,靖西,4510
451101,市辖区,3,市辖区,4511
451102,八步区,3,八步,4511
451103,平桂区,3,平桂,4511
451121,昭平县,3,昭平,4511
451122,钟山县,3,钟山,4511
451123,富川瑶族自治县,3,富川,4511
451201,市辖区,3,市辖区,4512
451202,金城江区,3,金城江,4512
451203,宜州区,3,宜州,4512
451221,南丹县,3,南丹,4512
451222,天峨县,3,天峨,4512
451223,凤山县,3,凤山,4512
451224,东兰县,3,东兰,4512
451225,罗城仫佬族自治县,3,罗城,4512
451226,环江毛南族自治县,3,环江,4512
451227,巴马瑶族自治县,3,巴马,4512
451228,都安瑶族自治县,3,都安,4512
451229,大化瑶族自治县,3,大化,4512
451301,市辖区,3,市辖区,4513
451302,兴宾区,3,兴宾,4513
451321,忻城县,3,忻城,4513
451322,象州县,3,象州,4513
451323,武宣县,3,武宣,4513
451324,金秀瑶族自治县,3,金秀,4513
451381,合山市,3,合山,4513
451401,市辖区,3,市辖区,4514
451402,江州区,3,江州,4514
451421,扶绥县,3,扶绥,4514
451422,宁明县,3,宁明,4514
451423,龙州县,3,龙州,4514
451424,大新县,3,大新,4514
451425,天等县,3,天等,4514
451481,凭祥市,3,凭祥,4514
4601,海口市,2,海口,46
4602,三亚市,2,三亚,46
4603,三沙市,2,三沙,46
4604,儋州市,2,儋州,46
4690,省直辖县级行政区划,2,省直辖县级行政区划,46
460101,市辖区,3,市辖区,4601
460105,秀英区,3,秀英,4601
460106,龙华区,3,龙华,4601
460107,琼山区,3,琼山,4601
460108,美兰区,3,美兰,4601
460201,市辖区,3,市辖区,4602
460202,海棠区,3,海棠,4602
460203,吉阳区,3,吉阳,4602
460204,天涯区,3,天涯,4602
460205,崖州区,3,崖州,4602
460321,西沙群岛,3,西沙群岛,4603
460322,南沙群岛,3,南沙群岛,4603
460323,中沙群岛的岛礁及其海域,3,中沙群岛的岛礁及其海域,4603
460400100,那大镇,4,那大镇,4604
460400101,和庆镇,4,和庆镇,4604
460400102,南丰镇,4,南丰镇,4604
460400103,大成镇,4,大成镇,4604
460400104,雅星镇,4,雅星镇,4604
460400105,兰洋镇,4,兰洋镇,4604
460400106,光村镇,4,光村镇,4604
460400107,木棠镇,4,木棠镇,4604
460400108,海头镇,4,海头镇,4604
460400109,峨蔓镇,4,峨蔓镇,4604
460400111,王五镇,4,王五镇,4604
460400112,白马井镇,4,白马井镇,4604
460400113,中和镇,4,中和镇,4604
460400114,排浦镇,4,排浦镇,4604
460400115,东成镇,4,东成镇,4604
460400116,新州镇,4,新州镇,4604
460400499,洋浦经济开发区,4,洋浦经济开发区,4604
460400500,华南热作学院,4,华南热作学院,4604
469001,五指山市,3,五指山,4690
469002,琼海市,3,琼海,4690
469005,文昌市,3,文昌,4690
469006,万宁市,3,万宁,4690
469007,东方市,3,东方,4690
469021,定安县,3,定安,4690
469022,屯昌县,3,屯昌,4690
469023,澄迈县,3,澄迈,4690
469024,临高县,3,临高,4690
469025,白沙黎族自治县,3,白沙,4690
469026,昌江黎族自治县,3,昌江,4690
469027,乐东黎族自治县,3,乐东,4690
469028,陵水黎族自治县,3,陵水,4690
469029,保亭黎族苗族自治县,3,保亭,4690
469030,琼中黎族苗族自治县,3,琼中,4690
5001,市辖区,2,市辖区,50
5002,县,2,县,50
500101,万州区,3,万州,5001
500102,涪陵区,3,涪陵,5001
500103,渝中区,3,渝中,5001
500104,大渡口区,3,大渡口,5001
500105,江北区,3,江北,5001
500106,沙坪坝区,3,沙坪坝,5001
500107,九龙坡区,3,九龙坡,5001
500108,南岸区,3,南岸,5001
500109,北碚区,3,北碚,5001
500110,綦江区,3,綦江,5001
500111,大足区,3,大足,5001
500112,渝北区,3,渝北,5001
500113,巴南区,3,巴南,5001
500114,黔江区,3,黔江,5001
500115,长寿区,3,长寿,5001
500116,江津区,3,江津,5001
500117,合川区,3,合川,5001
500118,永川区,3,永川,5001
500119,南川区,3,南川,5001
500120,璧山区,3,璧山,5001
500151,铜梁区,3,铜梁,5001
500152,潼南区,3,潼南,5001
500153,荣昌区,3,荣昌,5001
500154,开州区,3,开州,5001
500155,梁平区,3,梁平,5001
500156,武隆区,3,武隆,5001
500229,城口县,3,城口,5002
500230,丰都县,3,丰都,5002
500231,垫江县,3,垫江,5002
500233,忠县,3,忠县,5002
500235,云阳县,3,云阳,5002
500236,奉节县,3,奉节,5002
500237,巫山县,3,巫山,5002
500238,巫溪县,3,巫溪,5002
500240,石柱土家族自治县,3,石柱,5002
500241,秀山土家族苗族自治县,3,秀山,5002
500242,酉阳土家族苗族自治县,3,酉阳,5002
500243,彭水苗族土家族自治县,3,彭水,5002
5101,成都市,2,成都,51
5103,自贡市,2,自贡,51
5104,攀枝花市,2,攀枝花,51
5105,泸州市,2,泸州,51
5106,德阳市,2,德阳,51
5107,绵阳市,2,绵阳,51
5108,广元市,2,广元,51
5109,遂宁市,2,遂宁,51
5110,内江市,2,内江,51
5111,乐山市,2,乐山,51
5113,南充市,2,南充,51
5114,眉山市,2,眉山,51
5115,宜宾市,2,宜宾,51
5116,广安市,2,广安,51
5117,达州市,2,达州,51
5118,雅安市,2,雅安,51
5119,巴中市,2,巴中,51
5120,资阳市,2,资阳,51
5132,阿坝藏族羌族自治州,2,阿坝,51
5133,甘孜藏族自治州,2,甘孜,51
5134,凉山彝族自治州,2,凉山,51
510101,市辖区,3,市辖区,5101
510104,锦江区,3,锦江,5101
510105,青羊区,3,青羊,5101
510106,金牛区,3,金牛,5101
510107,武侯区,3,武侯,5101
510108,成华区,3,成华,5101
510112,龙泉驿区,3,龙泉驿,5101
510113,青白江区,3,青白江,5101
510114,新都区,3,新都,5101
510115,温江区,3,温江,5101
510116,双流区,3,双流,5101
510117,郫都区,3,郫都,5101
510121,金堂县,3,金堂,5101
510129,大邑县,3,大邑,5101
510131,蒲江县,3,蒲江,5101
510132,新津县,3,新津,5101
510181,都江堰市,3,都江堰,5101
510182,彭州市,3,彭州,5101
510183,邛崃市,3,邛崃,5101
510184,崇州市,3,崇州,5101
510185,简阳市,3,简阳,5101
510301,市辖区,3,市辖区,5103
510302,自流井区,3,自流井,5103
510303,贡井区,3,贡井,5103
510304,大安区,3,大安,5103
510311,沿滩区,3,沿滩,5103
510321,荣县,3,荣县,5103
510322,富顺县,3,富顺,5103
510401,市辖区,3,市辖区,5104
510402,东区,3,东区,5104
510403,西区,3,西区,5104
510411,仁和区,3,仁和,5104
510421,米易县,3,米易,5104
510422,盐边县,3,盐边,5104
510501,市辖区,3,市辖区,5105
510502,江阳区,3,江阳,5105
510503,纳溪区,3,纳溪,5105
510504,龙马潭区,3,龙马潭,5105
510521,泸县,3,泸县,5105
510522,合江县,3,合江,5105
510524,叙永县,3,叙永,5105
510525,古蔺县,3,古蔺,5105
510601,市辖区,3,市辖区,5106
510603,旌阳区,3,旌阳,5106
510604,罗江区,3,罗江,5106
510623,中江县,3,中江,5106
510681,广汉市,3,广汉,5106
510682,什邡市,3,什邡,5106
510683,绵竹市,3,绵竹,5106
510701,市辖区,3,市辖区,5107
510703,涪城区,3,涪城,5107
510704,游仙区,3,游仙,5107
510705,安州区,3,安州,5107
510722,三台县,3,三台,5107
510723,盐亭县,3,盐亭,5107
510725,梓潼县,3,梓潼,5107
510726,北川羌族自治县,3,北川,5107
510727,平武县,3,平武,5107
510781,江油市,3,江油,5107
510801,市辖区,3,市辖区,5108
510802,利州区,3,利州,5108
510811,昭化区,3,昭化,5108
510812,朝天区,3,朝天,5108
510821,旺苍县,3,旺苍,5108
510822,青川县,3,青川,5108
510823,剑阁县,3,剑阁,5108
510824,苍溪县,3,苍溪,5108
510901,市辖区,3,市辖区,5109
510903,船山区,3,船山,5109
510904,安居区,3,安居,5109
510921,蓬溪县,3,蓬溪,5109
510923,大英县,3,大英,5109
510981,射洪市,3,射洪,5109
511001,市辖区,3,市辖区,5110
511002,市中区,3,市中,5110
511011,东兴区,3,东兴,5110
511024,威远县,3,威远,5110
511025,资中县,3,资中,5110
511071,内江经济开发区,3,内江经济开发区,5110
511083,隆昌市,3,隆昌,5110
511101,市辖区,3,市辖区,5111
511102,市中区,3,市中,5111
511111,沙湾区,3,沙湾,5111
511112,五通桥区,3,五通桥,5111
511113,金口河区,3,金口河,5111
511123,犍为县,3,犍为,5111
511124,井研县,3,井研,5111
511126,夹江县,3,夹江,5111
511129,沐川县,3,沐川,5111
511132,峨边彝族自治县,3,峨边,5111
511133,马边彝族自治县,3,马边,5111
511181,峨眉山市,3,峨眉山,5111
511301,市辖区,3,市辖区,5113
511302,顺庆区,3,顺庆,5113
511303,高坪区,3,高坪,5113
511304,嘉陵区,3,嘉陵,5113
511321,南部县,3,南部,5113
511322,营山县,3,营山,5113
511323,蓬安县,3,蓬安,5113
511324,仪陇县,3,仪陇,5113
511325,西充县,3,西充,5113
511381,阆中市,3,阆中,5113
511401,市辖区,3,市辖区,5114
511402,东坡区,3,东坡,5114
511403,彭山区,3,彭山,5114
511421,仁寿县,3,仁寿,5114
511423,洪雅县,3,洪雅,5114
511424,丹棱县,3,丹棱,5114
511425,青神县,3,青神,5114
511501,市辖区,3,市辖区,5115
511502,翠屏区,3,翠屏,5115
511503,南溪区,3,南溪,5115
511504,叙州区,3,叙州,5115
511523,江安县,3,江安,5115
511524,长宁县,3,长宁,5115
511525,高县,3,高县,5115
511526,珙县,3,珙县,5115
511527,筠连县,3,筠连,5115
511528,兴文县,3,兴文,5115
511529,屏山县,3,屏山,5115
511601,市辖区,3,市辖区,5116
511602,广安区,3,广安,5116
511603,前锋区,3,前锋,5116
511621,岳池县,3,岳池,5116
511622,武胜县,3,武胜,5116
511623,邻水县,3,邻水,5116
511681,华蓥市,3,华蓥,5116
511701,市辖区,3,市辖区,5117
511702,通川区,3,通川,5117
511703,达川区,3,达川,5117
511722,宣汉县,3,宣汉,5117
511723,开江县,3,开江,5117
511724,大竹县,3,大竹,5117
511725,渠县,3,渠县,5117
511771,达州经济开发区,3,达州经济开发区,5117
511781,万源市,3,万源,5117
511801,市辖区,3,市辖区,5118
511802,雨城区,3,雨城,5118
511803,名山区,3,名山,5118
511822,荥经县,3,荥经,5118
511823,汉源县,3,汉源,5118
511824,石棉县,3,石棉,5118
511825,天全县,3,天全,5118
511826,芦山县,3,芦山,5118
511827,宝兴县,3,宝兴,5118
511901,市辖区,3,市辖区,5119
511902,巴州区,3,巴州,5119
511903,恩阳区,3,恩阳,5119
511921,通江县,3,通江,5119
511922,南江县,3,南江,5119
511923,平昌县,3,平昌,5119
511971,巴中经济开发区,3,巴中经济开发区,5119
512001,市辖区,3,市辖区,5120
512002,雁江区,3,雁江,5120
512021,安岳县,3,安岳,5120
512022,乐至县,3,乐至,5120
513201,马尔康市,3,马尔康,5132
513221,汶川县,3,汶川,5132
513222,理县,3,理县,5132
513223,茂县,3,茂县,5132
513224,松潘县,3,松潘,5132
513225,九寨沟县,3,九寨沟,5132
513226,金川县,3,金川,5132
513227,小金县,3,小金,5132
513228,黑水县,3,黑水,5132
513230,壤塘县,3,壤塘,5132
513231,阿坝县,3,阿坝,5132
513232,若尔盖县,3,若尔盖,5132
513233,红原县,3,红原,5132
513301,康定市,3,康定,5133
513322,泸定县,3,泸定,5133
513323,丹巴县,3,丹巴,5133
513324,九龙县,3,九龙,5133
513325,雅江县,3,雅江,5133
513326,道孚县,3,道孚,5133
513327,炉霍县,3,炉霍,5133
513328,甘孜县,3,甘孜,5133
513329,新龙县,3,新龙,5133
513330,德格县,3,德格,5133
513331,白玉县,3,白玉,5133
513332,石渠县,3,石渠,5133
513333,色达县,3,色达,5133
513334,理塘县,3,理塘,5133
513335,巴塘县,3,巴塘,5133
513336,乡城县,3,乡城,5133
513337,稻城县,3,稻城,5133
513338,得荣县,3,得荣,5133
513401,西昌市,3,西昌,5134
513422,木里藏族自治县,3,木里,5134
513423,盐源县,3,盐源,5134
513424,德昌县,3,德昌,5134
513425,会理县,3,会理,5134
513426,会东县,3,会东,5134
513427,宁南县,3,宁南,5134
513428,普格县,3,普格,5134
513429,布拖县,3,布拖,5134
513430,金阳县,3,金阳,5134
513431,昭觉县,3,昭觉,5134
513432,喜德县,3,喜德,5134
513433,冕宁县,3,冕宁,5134
513434,越西县,3,越西,5134
513435,甘洛县,3,甘洛,5134
513436,美姑县,3,美姑,5134
513437,雷波县,3,雷波,5134
5201,贵阳市,2,贵阳,52
5202,六盘水市,2,六盘水,52
5203,遵义市,2,遵义,52
5204,安顺市,2,安顺,52
5205,毕节市,2,毕节,52
5206,铜仁市,2,铜仁,52
5223,黔西南布依族苗族自治州,2,黔西南,52
5226,黔东南苗族侗族自治州,2,黔东南,52
5227,黔南布依族苗族自治州,2,黔南,52
520101,市辖区,3,市辖区,5201
520102,南明区,3,南明,5201
520103,云岩区,3,云岩,5201
520111,花溪区,3,花溪,5201
520112,乌当区,3,乌当,5201
520113,白云区,3,白云,5201
520115,观山湖区,3,观山湖,5201
520121,开阳县,3,开阳,5201
520122,息烽县,3,息烽,5201
520123,修文县,3,修文,5201
520181,清镇市,3,清镇,5201
520201,钟山区,3,钟山,5202
520203,六枝特区,3,六枝特,5202
520221,水城县,3,水城,5202
520281,盘州市,3,盘州,5202
520301,市辖区,3,市辖区,5203
520302,红花岗区,3,红花岗,5203
520303,汇川区,3,汇川,5203
520304,播州区,3,播州,5203
520322,桐梓县,3,桐梓,5203
520323,绥阳县,3,绥阳,5203
520324,正安县,3,正安,5203
520325,道真仡佬族苗族自治县,3,道真,5203
520326,务川仡佬族苗族自治县,3,务川,5203
520327,凤冈县,3,凤冈,5203
520328,湄潭县,3,湄潭,5203
520329,余庆县,3,余庆,5203
520330,习水县,3,习水,5203
520381,赤水市,3,赤水,5203
520382,仁怀市,3,仁怀,5203
520401,市辖区,3,市辖区,5204
520402,西秀区,3,西秀,5204
520403,平坝区,3,平坝,5204
520422,普定县,3,普定,5204
520423,镇宁布依族苗族自治县,3,镇宁,5204
520424,关岭布依族苗族自治县,3,关岭,5204
520425,紫云苗族布依族自治县,3,紫云,5204
520501,市辖区,3,市辖区,5205
520502,七星关区,3,七星关,5205
520521,大方县,3,大方,5205
520522,黔西县,3,黔西,5205
520523,金沙县,3,金沙,5205
520524,织金县,3,织金,5205
520525,纳雍县,3,纳雍,5205
520526,威宁彝族回族苗族自治县,3,威宁,5205
520527,赫章县,3,赫章,5205
520601,市辖区,3,市辖区,5206
520602,碧江区,3,碧江,5206
520603,万山区,3,万山,5206
520621,江口县,3,江口,5206
520622,玉屏侗族自治县,3,玉屏,5206
520623,石阡县,3,石阡,5206
520624,思南县,3,思南,5206
520625,印江土家族苗族自治县,3,印江,5206
520626,德江县,3,德江,5206
520627,沿河土家族自治县,3,沿河,5206
520628,松桃苗族自治县,3,松桃,5206
522301,兴义市,3,兴义,5223
522302,兴仁市,3,兴仁,5223
522323,普安县,3,普安,5223
522324,晴隆县,3,晴隆,5223
522325,贞丰县,3,贞丰,5223
522326,望谟县,3,望谟,5223
522327,册亨县,3,册亨,5223
522328,安龙县,3,安龙,5223
522601,凯里市,3,凯里,5226
522622,黄平县,3,黄平,5226
522623,施秉县,3,施秉,5226
522624,三穗县,3,三穗,5226
522625,镇远县,3,镇远,5226
522626,岑巩县,3,岑巩,5226
522627,天柱县,3,天柱,5226
522628,锦屏县,3,锦屏,5226
522629,剑河县,3,剑河,5226
522630,台江县,3,台江,5226
522631,黎平县,3,黎平,5226
522632,榕江县,3,榕江,5226
522633,从江县,3,从江,5226
522634,雷山县,3,雷山,5226
522635,麻江县,3,麻江,5226
522636,丹寨县,3,丹寨,5226
522701,都匀市,3,都匀,5227
522702,福泉市,3,福泉,5227
522722,荔波县,3,荔波,5227
522723,贵定县,3,贵定,5227
522725,瓮安县,3,瓮安,5227
522726,独山县,3,独山,5227
522727,平塘县,3,平塘,5227
522728,罗甸县,3,罗甸,5227
522729,长顺县,3,长顺,5227
522730,龙里县,3,龙里,5227
522731,惠水县,3,惠水,5227
522732,三都水族自治县,3,三都,5227
5301,昆明市,2,昆明,53
5303,曲靖市,2,曲靖,53
5304,玉溪市,2,玉溪,53
5305,保山市,2,保山,53
5306,昭通市,2,昭通,53
5307,丽江市,2,丽江,53
5308,普洱市,2,普洱,53
5309,临沧市,2,临沧,53
5323,楚雄彝族自治州,2,楚雄,53
5325,红河哈尼族彝族自治州,2,红河,53
5326,文山壮族苗族自治州,2,文山,53
5328,西双版纳傣族自治州,2,西双版纳,53
5329,大理白族自治州,2,大理,53
5331,德宏傣族景颇族自治州,2,德宏,53
5333,怒江傈僳族自治州,2,怒江,53
5334,迪庆藏族自治州,2,迪庆,53
530101,市辖区,3,市辖区,5301
530102,五华区,3,五华,5301
530103,盘龙区,3,盘龙,5301
530111,官渡区,3,官渡,5301
530112,西山区,3,西山,5301
530113,东川区,3,东川,5301
530114,呈贡区,3,呈贡,5301
530115,晋宁区,3,晋宁,5301
530124,富民县,3,富民,5301
530125,宜良县,3,宜良,5301
530126,石林彝族自治县,3,石林,5301
530127,嵩明县,3,嵩明,5301
530128,禄劝彝族苗族自治县,3,禄劝,5301
530129,寻甸回族彝族自治县,3,寻甸,5301
530181,安宁市,3,安宁,5301
530301,市辖区,3,市辖区,5303
530302,麒麟区,3,麒麟,5303
530303,沾益区,3,沾益,5303
530304,马龙区,3,马龙,5303
530322,陆良县,3,陆良,5303
530323,师宗县,3,师宗,5303
530324,罗平县,3,罗平,5303
530325,富源县,3,富源,5303
530326,会泽县,3,会泽,5303
530381,宣威市,3,宣威,5303
530401,市辖区,3,市辖区,5304
530402,红塔区,3,红塔,5304
530403,江川区,3,江川,5304
530422,澄江县,3,澄江,5304
530423,通海县,3,通海,5304
530424,华宁县,3,华宁,5304
530425,易门县,3,易门,5304
530426,峨山彝族自治县,3,峨山,5304
530427,新平彝族傣族自治县,3,新平,5304
530428,元江哈尼族彝族傣族自治县,3,元江,5304
530501,市辖区,3,市辖区,5305
530502,隆阳区,3,隆阳,5305
530521,施甸县,3,施甸,5305
530523,龙陵县,3,龙陵,5305
530524,昌宁县,3,昌宁,5305
530581,腾冲市,3,腾冲,5305
530601,市辖区,3,市辖区,5306
530602,昭阳区,3,昭阳,5306
530621,鲁甸县,3,鲁甸,5306
530622,巧家县,3,巧家,5306
530623,盐津县,3,盐津,5306
530624,大关县,3,大关,5306
530625,永善县,3,永善,5306
530626,绥江县,3,绥江,5306
530627,镇雄县,3,镇雄,5306
530628,彝良县,3,彝良,5306
530629,威信县,3,威信,5306
530681,水富市,3,水富,5306
530701,市辖区,3,市辖区,5307
530702,古城区,3,古城,5307
530721,玉龙纳西族自治县,3,玉龙,5307
530722,永胜县,3,永胜,5307
530723,华坪县,3,华坪,5307
530724,宁蒗彝族自治县,3,宁蒗彝族自治,5307
530801,市辖区,3,市辖区,5308
530802,思茅区,3,思茅,5308
530821,宁洱哈尼族彝族自治县,3,宁洱,5308
530822,墨江哈尼族自治县,3,墨江,5308
530823,景东彝族自治县,3,景东,5308
530824,景谷傣族彝族自治县,3,景谷,5308
530825,镇沅彝族哈尼族拉祜族自治县,3,镇沅,5308
530826,江城哈尼族彝族自治县,3,江城,5308
530827,孟连傣族拉祜族佤族自治县,3,孟连,5308
530828,澜沧拉祜族自治县,3,澜沧,5308
530829,西盟佤族自治县,3,西盟,5308
530901,市辖区,3,市辖区,5309
530902,临翔区,3,临翔,5309
530921,凤庆县,3,凤庆,5309
530922,云县,3,云县,5309
530923,永德县,3,永德,5309
530924,镇康县,3,镇康,5309
530925,双江拉祜族佤族布朗族傣族自治县,3,双江,5309
530926,耿马傣族佤族自治县,3,耿马,5309
530927,沧源佤族自治县,3,沧源,5309
532301,楚雄市,3,楚雄,5323
532322,双柏县,3,双柏,5323
532323,牟定县,3,牟定,5323
532324,南华县,3,南华,5323
532325,姚安县,3,姚安,5323
532326,大姚县,3,大姚,5323
532327,永仁县,3,永仁,5323
532328,元谋县,3,元谋,5323
532329,武定县,3,武定,5323
532331,禄丰县,3,禄丰,5323
532501,个旧市,3,个旧,5325
532502,开远市,3,开远,5325
532503,蒙自市,3,蒙自,5325
532504,弥勒市,3,弥勒,5325
532523,屏边苗族自治县,3,屏边,5325
532524,建水县,3,建水,5325
532525,石屏县,3,石屏,5325
532527,泸西县,3,泸西,5325
532528,元阳县,3,元阳,5325
532529,红河县,3,红河,5325
532530,金平苗族瑶族傣族自治县,3,金平,5325
532531,绿春县,3,绿春,5325
532532,河口瑶族自治县,3,河口,5325
532601,文山市,3,文山,5326
532622,砚山县,3,砚山,5326
532623,西畴县,3,西畴,5326
532624,麻栗坡县,3,麻栗坡,5326
532625,马关县,3,马关,5326
532626,丘北县,3,丘北,5326
532627,广南县,3,广南,5326
532628,富宁县,3,富宁,5326
532801,景洪市,3,景洪,5328
532822,勐海县,3,勐海,5328
532823,勐腊县,3,勐腊,5328
532901,大理市,3,大理,5329
532922,漾濞彝族自治县,3,漾濞,5329
532923,祥云县,3,祥云,5329
532924,宾川县,3,宾川,5329
532925,弥渡县,3,弥渡,5329
532926,南涧彝族自治县,3,南涧,5329
532927,巍山彝族回族自治县,3,巍山,5329
532928,永平县,3,永平,5329
532929,云龙县,3,云龙,5329
532930,洱源县,3,洱源,5329
532931,剑川县,3,剑川,5329
532932,鹤庆县,3,鹤庆,5329
533102,瑞丽市,3,瑞丽,5331
533103,芒市,3,芒市,5331
533122,梁河县,3,梁河,5331
533123,盈江县,3,盈江,5331
533124,陇川县,3,陇川,5331
533301,泸水市,3,泸水,5333
533323,福贡县,3,福贡,5333
533324,贡山独龙族怒族自治县,3,贡山,5333
533325,兰坪白族普米族自治县,3,兰坪,5333
533401,香格里拉市,3,香格里拉,5334
533422,德钦县,3,德钦,5334
533423,维西傈僳族自治县,3,维西,5334
5401,拉萨市,2,拉萨,54
5402,日喀则市,2,日喀则,54
5403,昌都市,2,昌都,54
5404,林芝市,2,林芝,54
5405,山南市,2,山南,54
5406,那曲市,2,那曲,54
5425,阿里地区,2,阿里地,54
540101,市辖区,3,市辖区,5401
540102,城关区,3,城关,5401
540103,堆龙德庆区,3,堆龙德庆,5401
540104,达孜区,3,达孜,5401
540121,林周县,3,林周,5401
540122,当雄县,3,当雄,5401
540123,尼木县,3,尼木,5401
540124,曲水县,3,曲水,5401
540127,墨竹工卡县,3,墨竹工卡,5401
540171,格尔木藏青工业园区,3,格尔木藏青工业园区,5401
540172,拉萨经济技术开发区,3,拉萨经济技术开发区,5401
540173,西藏文化旅游创意园区,3,西藏文化旅游创意园,5401
540174,达孜工业园区,3,达孜工业园,5401
540202,桑珠孜区,3,桑珠孜,5402
540221,南木林县,3,南木林,5402
540222,江孜县,3,江孜,5402
540223,定日县,3,定日,5402
540224,萨迦县,3,萨迦,5402
540225,拉孜县,3,拉孜,5402
540226,昂仁县,3,昂仁,5402
540227,谢通门县,3,谢通门,5402
540228,白朗县,3,白朗,5402
540229,仁布县,3,仁布,5402
540230,康马县,3,康马,5402
540231,定结县,3,定结,5402
540232,仲巴县,3,仲巴,5402
540233,亚东县,3,亚东,5402
540234,吉隆县,3,吉隆,5402
540235,聂拉木县,3,聂拉木,5402
540236,萨嘎县,3,萨嘎,5402
540237,岗巴县,3,岗巴,5402
540302,卡若区,3,卡若,5403
540321,江达县,3,江达,5403
540322,贡觉县,3,贡觉,5403
540323,类乌齐县,3,类乌齐,5403
540324,丁青县,3,丁青,5403
540325,察雅县,3,察雅,5403
540326,八宿县,3,八宿,5403
540327,左贡县,3,左贡,5403
540328,芒康县,3,芒康,5403
540329,洛隆县,3,洛隆,5403
540330,边坝县,3,边坝,5403
540402,巴宜区,3,巴宜,5404
540421,工布江达县,3,工布江达,5404
540422,米林县,3,米林,5404
540423,墨脱县,3,墨脱,5404
540424,波密县,3,波密,5404
540425,察隅县,3,察隅,5404
540426,朗县,3,朗县,5404
540501,市辖区,3,市辖区,5405
540502,乃东区,3,乃东,5405
540521,扎囊县,3,扎囊,5405
540522,贡嘎县,3,贡嘎,5405
540523,桑日县,3,桑日,5405
540524,琼结县,3,琼结,5405
540525,曲松县,3,曲松,5405
540526,措美县,3,措美,5405
540527,洛扎县,3,洛扎,5405
540528,加查县,3,加查,5405
540529,隆子县,3,隆子,5405
540530,错那县,3,错那,5405
540531,浪卡子县,3,浪卡子,5405
540602,色尼区,3,色尼,5406
540621,嘉黎县,3,嘉黎,5406
540622,比如县,3,比如,5406
540623,聂荣县,3,聂荣,5406
540624,安多县,3,安多,5406
540625,申扎县,3,申扎,5406
540626,索县,3,索县,5406
540627,班戈县,3,班戈,5406
540628,巴青县,3,巴青,5406
540629,尼玛县,3,尼玛,5406
540630,双湖县,3,双湖,5406
542521,普兰县,3,普兰,5425
542522,札达县,3,札达,5425
542523,噶尔县,3,噶尔,5425
542524,日土县,3,日土,5425
542525,革吉县,3,革吉,5425
542526,改则县,3,改则,5425
542527,措勤县,3,措勤,5425
6101,西安市,2,西安,61
6102,铜川市,2,铜川,61
6103,宝鸡市,2,宝鸡,61
6104,咸阳市,2,咸阳,61
6105,渭南市,2,渭南,61
6106,延安市,2,延安,61
6107,汉中市,2,汉中,61
6108,榆林市,2,榆林,61
6109,安康市,2,安康,61
6110,商洛市,2,商洛,61
610101,市辖区,3,市辖区,6101
610102,新城区,3,新城,6101
610103,碑林区,3,碑林,6101
610104,莲湖区,3,莲湖,6101
610111,灞桥区,3,灞桥,6101
610112,未央区,3,未央,6101
610113,雁塔区,3,雁塔,6101
610114,阎良区,3,阎良,6101
610115,临潼区,3,临潼,6101
610116,长安区,3,长安,6101
610117,高陵区,3,高陵,6101
610118,鄠邑区,3,鄠邑,6101
610122,蓝田县,3,蓝田,6101
610124,周至县,3,周至,6101
610201,市辖区,3,市辖区,6102
610202,王益区,3,王益,6102
610203,印台区,3,印台,6102
610204,耀州区,3,耀州,6102
610222,宜君县,3,宜君,6102
610301,市辖区,3,市辖区,6103
610302,渭滨区,3,渭滨,6103
610303,金台区,3,金台,6103
610304,陈仓区,3,陈仓,6103
610322,凤翔县,3,凤翔,6103
610323,岐山县,3,岐山,6103
610324,扶风县,3,扶风,6103
610326,眉县,3,眉县,6103
610327,陇县,3,陇县,6103
610328,千阳县,3,千阳,6103
610329,麟游县,3,麟游,6103
610330,凤县,3,凤县,6103
610331,太白县,3,太白,6103
610401,市辖区,3,市辖区,6104
610402,秦都区,3,秦都,6104
610403,杨陵区,3,杨陵,6104
610404,渭城区,3,渭城,6104
610422,三原县,3,三原,6104
610423,泾阳县,3,泾阳,6104
610424,乾县,3,乾县,6104
610425,礼泉县,3,礼泉,6104
610426,永寿县,3,永寿,6104
610428,长武县,3,长武,6104
610429,旬邑县,3,旬邑,6104
610430,淳化县,3,淳化,6104
610431,武功县,3,武功,6104
610481,兴平市,3,兴平,6104
610482,彬州市,3,彬州,6104
610501,市辖区,3,市辖区,6105
610502,临渭区,3,临渭,6105
610503,华州区,3,华州,6105
610522,潼关县,3,潼关,6105
610523,大荔县,3,大荔,6105
610524,合阳县,3,合阳,6105
610525,澄城县,3,澄城,6105
610526,蒲城县,3,蒲城,6105
610527,白水县,3,白水,6105
610528,富平县,3,富平,6105
610581,韩城市,3,韩城,6105
610582,华阴市,3,华阴,6105
610601,市辖区,3,市辖区,6106
610602,宝塔区,3,宝塔,6106
610603,安塞区,3,安塞,6106
610621,延长县,3,延长,6106
610622,延川县,3,延川,6106
610625,志丹县,3,志丹,6106
610626,吴起县,3,吴起,6106
610627,甘泉县,3,甘泉,6106
610628,富县,3,富县,6106
610629,洛川县,3,洛川,6106
610630,宜川县,3,宜川,6106
610631,黄龙县,3,黄龙,6106
610632,黄陵县,3,黄陵,6106
610681,子长市,3,子长,6106
610701,市辖区,3,市辖区,6107
610702,汉台区,3,汉台,6107
610703,南郑区,3,南郑,6107
610722,城固县,3,城固,6107
610723,洋县,3,洋县,6107
610724,西乡县,3,西乡,6107
610725,勉县,3,勉县,6107
610726,宁强县,3,宁强,6107
610727,略阳县,3,略阳,6107
610728,镇巴县,3,镇巴,6107
610729,留坝县,3,留坝,6107
610730,佛坪县,3,佛坪,6107
610801,市辖区,3,市辖区,6108
610802,榆阳区,3,榆阳,6108
610803,横山区,3,横山,6108
610822,府谷县,3,府谷,6108
610824,靖边县,3,靖边,6108
610825,定边县,3,定边,6108
610826,绥德县,3,绥德,6108
610827,米脂县,3,米脂,6108
610828,佳县,3,佳县,6108
610829,吴堡县,3,吴堡,6108
610830,清涧县,3,清涧,6108
610831,子洲县,3,子洲,6108
610881,神木市,3,神木,6108
610901,市辖区,3,市辖区,6109
610902,汉滨区,3,汉滨,6109
610921,汉阴县,3,汉阴,6109
610922,石泉县,3,石泉,6109
610923,宁陕县,3,宁陕,6109
610924,紫阳县,3,紫阳,6109
610925,岚皋县,3,岚皋,6109
610926,平利县,3,平利,6109
610927,镇坪县,3,镇坪,6109
610928,旬阳县,3,旬阳,6109
610929,白河县,3,白河,6109
611001,市辖区,3,市辖区,6110
611002,商州区,3,商州,6110
611021,洛南县,3,洛南,6110
611022,丹凤县,3,丹凤,6110
611023,商南县,3,商南,6110
611024,山阳县,3,山阳,6110
611025,镇安县,3,镇安,6110
611026,柞水县,3,柞水,6110
6201,兰州市,2,兰州,62
6202,嘉峪关市,2,嘉峪关,62
6203,金昌市,2,金昌,62
6204,白银市,2,白银,62
6205,天水市,2,天水,62
6206,武威市,2,武威,62
6207,张掖市,2,张掖,62
6208,平凉市,2,平凉,62
6209,酒泉市,2,酒泉,62
6210,庆阳市,2,庆阳,62
6211,定西市,2,定西,62
6212,陇南市,2,陇南,62
6229,临夏回族自治州,2,临夏,62
6230,甘南藏族自治州,2,甘南,62
620101,市辖区,3,市辖区,6201
620102,城关区,3,城关,6201
620103,七里河区,3,七里河,6201
620104,西固区,3,西固,6201
620105,安宁区,3,安宁,6201
620111,红古区,3,红古,6201
620121,永登县,3,永登,6201
620122,皋兰县,3,皋兰,6201
620123,榆中县,3,榆中,6201
620171,兰州新区,3,兰州新区,6201
620201,市辖区,3,市辖区,6202
620301,市辖区,3,市辖区,6203
620302,金川区,3,金川,6203
620321,永昌县,3,永昌,6203
620401,市辖区,3,市辖区,6204
620402,白银区,3,白银,6204
620403,平川区,3,平川,6204
620421,靖远县,3,靖远,6204
620422,会宁县,3,会宁,6204
620423,景泰县,3,景泰,6204
620501,市辖区,3,市辖区,6205
620502,秦州区,3,秦州,6205
620503,麦积区,3,麦积,6205
620521,清水县,3,清水,6205
620522,秦安县,3,秦安,6205
620523,甘谷县,3,甘谷,6205
620524,武山县,3,武山,6205
620525,张家川回族自治县,3,张家川,6205
620601,市辖区,3,市辖区,6206
620602,凉州区,3,凉州,6206
620621,民勤县,3,民勤,6206
620622,古浪县,3,古浪,6206
620623,天祝藏族自治县,3,天祝,6206
620701,市辖区,3,市辖区,6207
620702,甘州区,3,甘州,6207
620721,肃南裕固族自治县,3,肃南,6207
620722,民乐县,3,民乐,6207
620723,临泽县,3,临泽,6207
620724,高台县,3,高台,6207
620725,山丹县,3,山丹,6207
620801,市辖区,3,市辖区,6208
620802,崆峒区,3,崆峒,6208
620821,泾川县,3,泾川,6208
620822,灵台县,3,灵台,6208
620823,崇信县,3,崇信,6208
620825,庄浪县,3,庄浪,6208
620826,静宁县,3,静宁,6208
620881,华亭市,3,华亭,6208
620901,市辖区,3,市辖区,6209
620902,肃州区,3,肃州,6209
620921,金塔县,3,金塔,6209
620922,瓜州县,3,瓜州,6209
620923,肃北蒙古族自治县,3,肃北,6209
620924,阿克塞哈萨克族自治县,3,阿克塞,6209
620981,玉门市,3,玉门,6209
620982,敦煌市,3,敦煌,6209
621001,市辖区,3,市辖区,6210
621002,西峰区,3,西峰,6210
621021,庆城县,3,庆城,6210
621022,环县,3,环县,6210
621023,华池县,3,华池,6210
621024,合水县,3,合水,6210
621025,正宁县,3,正宁,6210
621026,宁县,3,宁县,6210
621027,镇原县,3,镇原,6210
621101,市辖区,3,市辖区,6211
621102,安定区,3,安定,6211
621121,通渭县,3,通渭,6211
621122,陇西县,3,陇西,6211
621123,渭源县,3,渭源,6211
621124,临洮县,3,临洮,6211
621125,漳县,3,漳县,6211
621126,岷县,3,岷县,6211
621201,市辖区,3,市辖区,6212
621202,武都区,3,武都,6212
621221,成县,3,成县,6212
621222,文县,3,文县,6212
621223,宕昌县,3,宕昌,6212
621224,康县,3,康县,6212
621225,西和县,3,西和,6212
621226,礼县,3,礼县,6212
621227,徽县,3,徽县,6212
621228,两当县,3,两当,6212
622901,临夏市,3,临夏,6229
622921,临夏县,3,临夏,6229
622922,康乐县,3,康乐,6229
622923,永靖县,3,永靖,6229
622924,广河县,3,广河,6229
622925,和政县,3,和政,6229
622926,东乡族自治县,3,东乡族自治县,6229
622927,积石山保安族东乡族撒拉族自治县,3,积石山保,6229
623001,合作市,3,合作,6230
623021,临潭县,3,临潭,6230
623022,卓尼县,3,卓尼,6230
623023,舟曲县,3,舟曲,6230
623024,迭部县,3,迭部,6230
623025,玛曲县,3,玛曲,6230
623026,碌曲县,3,碌曲,6230
623027,夏河县,3,夏河,6230
6301,西宁市,2,西宁,63
6302,海东市,2,海东,63
6322,海北藏族自治州,2,海北,63
6323,黄南藏族自治州,2,黄南,63
6325,海南藏族自治州,2,海南,63
6326,果洛藏族自治州,2,果洛,63
6327,玉树藏族自治州,2,玉树,63
6328,海西蒙古族藏族自治州,2,海西,63
630101,市辖区,3,市辖区,6301
630102,城东区,3,城东,6301
630103,城中区,3,城中,6301
630104,城西区,3,城西,6301
630105,城北区,3,城北,6301
630121,大通回族土族自治县,3,大通,6301
630122,湟中县,3,湟中,6301
630123,湟源县,3,湟源,6301
630202,乐都区,3,乐都,6302
630203,平安区,3,平安,6302
630222,民和回族土族自治县,3,民和,6302
630223,互助土族自治县,3,互助,6302
630224,化隆回族自治县,3,化隆,6302
630225,循化撒拉族自治县,3,循化,6302
632221,门源回族自治县,3,门源,6322
632222,祁连县,3,祁连,6322
632223,海晏县,3,海晏,6322
632224,刚察县,3,刚察,6322
632321,同仁县,3,同仁,6323
632322,尖扎县,3,尖扎,6323
632323,泽库县,3,泽库,6323
632324,河南蒙古族自治县,3,河南,6323
632521,共和县,3,共和,6325
632522,同德县,3,同德,6325
632523,贵德县,3,贵德,6325
632524,兴海县,3,兴海,6325
632525,贵南县,3,贵南,6325
632621,玛沁县,3,玛沁,6326
632622,班玛县,3,班玛,6326
632623,甘德县,3,甘德,6326
632624,达日县,3,达日,6326
632625,久治县,3,久治,6326
632626,玛多县,3,玛多,6326
632701,玉树市,3,玉树,6327
632722,杂多县,3,杂多,6327
632723,称多县,3,称多,6327
632724,治多县,3,治多,6327
632725,囊谦县,3,囊谦,6327
632726,曲麻莱县,3,曲麻莱,6327
632801,格尔木市,3,格尔木,6328
632802,德令哈市,3,德令哈,6328
632803,茫崖市,3,茫崖,6328
632821,乌兰县,3,乌兰,6328
632822,都兰县,3,都兰,6328
632823,天峻县,3,天峻,6328
632857,大柴旦行政委员会,3,大柴旦行政委员会,6328
6401,银川市,2,银川,64
6402,石嘴山市,2,石嘴山,64
6403,吴忠市,2,吴忠,64
6404,固原市,2,固原,64
6405,中卫市,2,中卫,64
640101,市辖区,3,市辖区,6401
640104,兴庆区,3,兴庆,6401
640105,西夏区,3,西夏,6401
640106,金凤区,3,金凤,6401
640121,永宁县,3,永宁,6401
640122,贺兰县,3,贺兰,6401
640181,灵武市,3,灵武,6401
640201,市辖区,3,市辖区,6402
640202,大武口区,3,大武口,6402
640205,惠农区,3,惠农,6402
640221,平罗县,3,平罗,6402
640301,市辖区,3,市辖区,6403
640302,利通区,3,利通,6403
640303,红寺堡区,3,红寺堡,6403
640323,盐池县,3,盐池,6403
640324,同心县,3,同心,6403
640381,青铜峡市,3,青铜峡,6403
640401,市辖区,3,市辖区,6404
640402,原州区,3,原州,6404
640422,西吉县,3,西吉,6404
640423,隆德县,3,隆德,6404
640424,泾源县,3,泾源,6404
640425,彭阳县,3,彭阳,6404
640501,市辖区,3,市辖区,6405
640502,沙坡头区,3,沙坡头,6405
640521,中宁县,3,中宁,6405
640522,海原县,3,海原,6405
6501,乌鲁木齐市,2,乌鲁木齐,65
6502,克拉玛依市,2,克拉玛依,65
6504,吐鲁番市,2,吐鲁番,65
6505,哈密市,2,哈密,65
6523,昌吉回族自治州,2,昌吉回族自治州,65
6527,博尔塔拉蒙古自治州,2,博尔塔拉蒙古自治州,65
6528,巴音郭楞蒙古自治州,2,巴音郭楞蒙古自治州,65
6529,阿克苏地区,2,阿克苏,65
6530,克孜勒苏柯尔克孜自治州,2,克孜勒苏柯尔克孜,65
6531,喀什地区,2,喀什地,65
6532,和田地区,2,和田地,65
6540,伊犁哈萨克自治州,2,伊犁,65
6542,塔城地区,2,塔城,65
6543,阿勒泰地区,2,阿勒泰,65
6590,自治区直辖县级行政区划,2,自治区直辖县级行政区划,65
650101,市辖区,3,市辖区,6501
650102,天山区,3,天山,6501
650103,沙依巴克区,3,沙依巴克,6501
650104,新市区,3,新市,6501
650105,水磨沟区,3,水磨沟,6501
650106,头屯河区,3,头屯河,6501
650107,达坂城区,3,达坂城,6501
650109,米东区,3,米东,6501
650121,乌鲁木齐县,3,乌鲁木齐,6501
650201,市辖区,3,市辖区,6502
650202,独山子区,3,独山子,6502
650203,克拉玛依区,3,克拉玛依,6502
650204,白碱滩区,3,白碱滩,6502
650205,乌尔禾区,3,乌尔禾,6502
650402,高昌区,3,高昌,6504
650421,鄯善县,3,鄯善,6504
650422,托克逊县,3,托克逊,6504
650502,伊州区,3,伊州,6505
650521,巴里坤哈萨克自治县,3,巴里坤,6505
650522,伊吾县,3,伊吾,6505
652301,昌吉市,3,昌吉,6523
652302,阜康市,3,阜康,6523
652323,呼图壁县,3,呼图壁,6523
652324,玛纳斯县,3,玛纳斯,6523
652325,奇台县,3,奇台,6523
652327,吉木萨尔县,3,吉木萨尔,6523
652328,木垒哈萨克自治县,3,木垒,6523
652701,博乐市,3,博乐,6527
652702,阿拉山口市,3,阿拉山口,6527
652722,精河县,3,精河,6527
652723,温泉县,3,温泉,6527
652801,库尔勒市,3,库尔勒,6528
652822,轮台县,3,轮台,6528
652823,尉犁县,3,尉犁,6528
652824,若羌县,3,若羌,6528
652825,且末县,3,且末,6528
652826,焉耆回族自治县,3,焉耆,6528
652827,和静县,3,和静,6528
652828,和硕县,3,和硕,6528
652829,博湖县,3,博湖,6528
652871,库尔勒经济技术开发区,3,库尔勒经济技术开发区,6528
652901,阿克苏市,3,阿克苏,6529
652922,温宿县,3,温宿,6529
652923,库车县,3,库车,6529
652924,沙雅县,3,沙雅,6529
652925,新和县,3,新和,6529
652926,拜城县,3,拜城,6529
652927,乌什县,3,乌什,6529
652928,阿瓦提县,3,阿瓦提,6529
652929,柯坪县,3,柯坪,6529
653001,阿图什市,3,阿图什,6530
653022,阿克陶县,3,阿克陶,6530
653023,阿合奇县,3,阿合奇,6530
653024,乌恰县,3,乌恰,6530
653101,喀什市,3,喀什,6531
653121,疏附县,3,疏附,6531
653122,疏勒县,3,疏勒,6531
653123,英吉沙县,3,英吉沙,6531
653124,泽普县,3,泽普,6531
653125,莎车县,3,莎车,6531
653126,叶城县,3,叶城,6531
653127,麦盖提县,3,麦盖提,6531
653128,岳普湖县,3,岳普湖,6531
653129,伽师县,3,伽师,6531
653130,巴楚县,3,巴楚,6531
653131,塔什库尔干塔吉克自治县,3,塔什,6531
653201,和田市,3,和田,6532
653221,和田县,3,和田,6532
653222,墨玉县,3,墨玉,6532
653223,皮山县,3,皮山,6532
653224,洛浦县,3,洛浦,6532
653225,策勒县,3,策勒,6532
653226,于田县,3,于田,6532
653227,民丰县,3,民丰,6532
654002,伊宁市,3,伊宁,6540
654003,奎屯市,3,奎屯,6540
654004,霍尔果斯市,3,霍尔果斯,6540
654021,伊宁县,3,伊宁,6540
654022,察布查尔锡伯自治县,3,察布,6540
654023,霍城县,3,霍城,6540
654024,巩留县,3,巩留,6540
654025,新源县,3,新源,6540
654026,昭苏县,3,昭苏,6540
654027,特克斯县,3,特克斯,6540
654028,尼勒克县,3,尼勒克,6540
654201,塔城市,3,塔城,6542
654202,乌苏市,3,乌苏,6542
654221,额敏县,3,额敏,6542
654223,沙湾县,3,沙湾,6542
654224,托里县,3,托里,6542
654225,裕民县,3,裕民,6542
654226,和布克赛尔蒙古自治县,3,和布克赛尔蒙古,6542
654301,阿勒泰市,3,阿勒泰,6543
654321,布尔津县,3,布尔津,6543
654322,富蕴县,3,富蕴,6543
654323,福海县,3,福海,6543
654324,哈巴河县,3,哈巴河,6543
654325,青河县,3,青河,6543
654326,吉木乃县,3,吉木乃,6543
659001,石河子市,3,石河子,6590
659002,阿拉尔市,3,阿拉尔,6590
659003,图木舒克市,3,图木舒克,6590
659004,五家渠市,3,五家渠,6590
659006,铁门关市,3,铁门关,6590
